Workbook
Name curve_key: 'Reference'!$A$5:$A$31
Name curve_x1: 'Reference'!$G$5:$G$31
Name curve_y1: 'Reference'!$O$5:$O$31
Name curve_x2: 'Reference'!$H$5:$H$31
Name curve_y2: 'Reference'!$P$5:$P$31
Name curve_x3: 'Reference'!$I$5:$I$31
Name curve_y3: 'Reference'!$Q$5:$Q$31
Name curve_x4: 'Reference'!$J$5:$J$31
Name curve_y4: 'Reference'!$R$5:$R$31
Name curve_x5: 'Reference'!$K$5:$K$31
Name curve_y5: 'Reference'!$S$5:$S$31
Name curve_x6: 'Reference'!$L$5:$L$31
Name curve_y6: 'Reference'!$T$5:$T$31
Name curve_x7: 'Reference'!$M$5:$M$31
Name curve_y7: 'Reference'!$U$5:$U$31
Name curve_x8: 'Reference'!$N$5:$N$31
Name curve_y8: 'Reference'!$V$5:$V$31
Name idx_spring_pctimp2019ws: 'Metrics'!$V$5
Name idx_spring_pctag2019ws: 'Metrics'!$V$6
Name idx_spring_pctwet2019ws: 'Metrics'!$V$7
Name idx_spring_rddensws: 'Metrics'!$V$8
Name idx_spring_bfiws: 'Metrics'!$V$9
Name idx_spring_dorws: 'Metrics'!$V$10
Name idx_spring_phab_bfwd_rat: 'Metrics'!$V$11
Name idx_spring_phab_xbkf_h: 'Metrics'!$V$12
Name idx_spring_phab_pct_safn: 'Metrics'!$V$13
Name idx_spring_phab_xembed: 'Metrics'!$V$14
Name idx_spring_phab_sinu: 'Metrics'!$V$15
Name idx_spring_phab_xbka: 'Metrics'!$V$16
Name idx_spring_phab_lrbs_use: 'Metrics'!$V$17
Name idx_spring_phab_lwdeqvolm100: 'Metrics'!$V$18
Name idx_spring_chem_chla: 'Metrics'!$V$19
Name idx_spring_phab_xcdenmid: 'Metrics'!$V$20
Name idx_spring_phab_xcmgw: 'Metrics'!$V$21
Name idx_spring_chem_ntl: 'Metrics'!$V$22
Name idx_spring_chem_ptl: 'Metrics'!$V$23
Name idx_spring_chem_cond: 'Metrics'!$V$24
Name idx_spring_chem_turb: 'Metrics'!$V$25
Name idx_spring_phab_pct_fast: 'Metrics'!$V$26
Name idx_spring_phab_xfc_nat: 'Metrics'!$V$27
Name idx_spring_bent_totlntax: 'Metrics'!$V$28
Name idx_spring_bent_ept_ntax: 'Metrics'!$V$29
Name idx_spring_bent_hprime: 'Metrics'!$V$30
Name idx_spring_nid_dams_1mi: 'Metrics'!$V$31
Name fs_catchment_hydrology: 'Results'!$B$4
Name fs_surface_water_storage: 'Results'!$B$5
Name fs_reach_inflow: 'Results'!$B$6
Name fs_streamflow_regime: 'Results'!$B$7
Name fs_low_flow_baseflow_dynamics: 'Results'!$B$8
Name fs_high_flow_dynamics: 'Results'!$B$9
Name fs_floodplain_connectivity: 'Results'!$B$10
Name fs_hyporheic_connectivity: 'Results'!$B$11
Name fs_channel_evolution: 'Results'!$B$12
Name fs_channel_floodplain_dynamics: 'Results'!$B$13
Name fs_sediment_continuity: 'Results'!$B$14
Name fs_bed_composition_bedform_dynamics: 'Results'!$B$15
Name fs_light_thermal_regime: 'Results'!$B$16
Name fs_carbon_processing: 'Results'!$B$17
Name fs_nutrient_cycling: 'Results'!$B$18
Name fs_water_soil_quality: 'Results'!$B$19

Sheet Instructions
A1: Detailed Evaluation of Ecosystem Processes (DEEP) Calculator
A2: Cascades reference assessment
A3: Assessment status: Draft. For research and regional assessment development only.
A4: This workbook scores one detailed assessment. It carries the assessment's metrics and their reference curves, and it scores exactly as the DEEP web application does.
A5: Reference condition. Reference condition is set by a fixed landscape-pressure screen, never by a score. 23 curves are fitted to least-disturbed stations of this ecoregion. 2 curves are fitted to this ecoregion's own streams under the documented regional screen, which relaxes agriculture only. 2 borrow comparable least-disturbed stations from a wider region, stating the region and the transfer risk. 2 carry the national reference label: reference curve fitted to comparable least-disturbed stations drawn from the national pool, because this ecoregion and its parents hold too few of their own. 1 carries the published benchmark label: scored against a published criterion rather than against stations from this ecoregion. The criterion carries its own definition of reference, which need not match this assessment's. 3 rest on a flagged transfer: a comparable least-disturbed pool the recovery test did not confirm for this ecoregion, used because no validated source supports the metric here, with transfer risk unvalidated and confidence capped. A metric that no basis supports is not scored, and the function it would have scored is reported as unassessed.
A6: 1. On the DEEP Score sheet, fill the site block and type each metric's measured value in its orange cell, in the units shown.
A7: 2. Where a metric has several curve sets, choose the set that fits the reach from the list beside the value. Left alone, the default set applies.
A8: 3. Leave a value blank when the metric does not apply. It drops out of the score.
A9: 4. A metric that serves more than one function is entered once. The grey cells repeat it.
A10: 5. The index of each metric (0 to 1) is read from its reference curve. The function score is the mean index of the function's metrics times 15.
A11: 6. The outcome sub-indices weigh each function's score by its direct or indirect contribution, and the Ecosystem Condition Index is the mean of the three.
A12: Condition classes. Index at or below 0.39 Non-Functioning, at or below 0.69 Functioning At-Risk, above Functioning. Function score at or below 5 Non-Functioning, at or below 10 Functioning At-Risk, above Functioning.
... A14: The sheets are protected against accidental edits. The password is deep.

Sheet DEEP Score
A1: Detailed Evaluation of Ecosystem Processes (DEEP) Calculator
A2: Cascades reference assessment
A3: Version 1 | Draft | USEPA NRSA 2013-24 (L3 ecoregion 4), StreamCurves regional analysis, methodology 0.16-provisional
A4: Assessment status: Draft. For research and regional assessment development only.
A5: Stream or site
A6: Reach ID
A7: Coordinates
A8: Date
A9: Assessor(s)
A11: Category | B11: Function | C11: Metric | D11: Units | E11: Value | F11: Curve set | G11: Index | H11: Function score (0 to 15) | I11: Condition
A12: Hydrology | B12: Catchment hydrology | C12: Impervious surface | D12: % | G12: =IF('Metrics'!$V$5="","",'Metrics'!$V$5) | H12: =IF('Results'!$B$4="","",'Results'!$B$4) | I12: =IF('DEEP Score'!$H$12="","",IF('DEEP Score'!$H$12<=5,"Non-Functioning",IF('DEEP Score'!$H$12<=10,"Functioning At-Risk","Functioning")))
C13: Agriculture, crop and hay | D13: % | G13: =IF('Metrics'!$V$6="","",'Metrics'!$V$6)
A14: Hydrology | B14: Surface water storage | C14: Wetland | D14: % | G14: =IF('Metrics'!$V$7="","",'Metrics'!$V$7) | H14: =IF('Results'!$B$5="","",'Results'!$B$5) | I14: =IF('DEEP Score'!$H$14="","",IF('DEEP Score'!$H$14<=5,"Non-Functioning",IF('DEEP Score'!$H$14<=10,"Functioning At-Risk","Functioning")))
A15: Hydrology | B15: Reach inflow | C15: Road density | D15: km/sq km | G15: =IF('Metrics'!$V$8="","",'Metrics'!$V$8) | H15: =IF('Results'!$B$6="","",'Results'!$B$6) | I15: =IF('DEEP Score'!$H$15="","",IF('DEEP Score'!$H$15<=5,"Non-Functioning",IF('DEEP Score'!$H$15<=10,"Functioning At-Risk","Functioning")))
A16: Hydrology | B16: Streamflow regime | C16: Base flow index | D16: % | G16: =IF('Metrics'!$V$9="","",'Metrics'!$V$9) | H16: =IF('Results'!$B$7="","",'Results'!$B$7) | I16: =IF('DEEP Score'!$H$16="","",IF('DEEP Score'!$H$16<=5,"Non-Functioning",IF('DEEP Score'!$H$16<=10,"Functioning At-Risk","Functioning")))
C17: Degree of regulation | D17: % | G17: =IF('Metrics'!$V$10="","",'Metrics'!$V$10)
A18: Hydraulics | B18: Low flow and baseflow dynamics | C18: Base flow index | D18: % | E18: =IF('DEEP Score'!$E$16="","",'DEEP Score'!$E$16) | G18: =IF('Metrics'!$V$9="","",'Metrics'!$V$9) | H18: =IF('Results'!$B$8="","",'Results'!$B$8) | I18: =IF('DEEP Score'!$H$18="","",IF('DEEP Score'!$H$18<=5,"Non-Functioning",IF('DEEP Score'!$H$18<=10,"Functioning At-Risk","Functioning")))
C19: Bankfull width:depth ratio | G19: =IF('Metrics'!$V$11="","",'Metrics'!$V$11)
A20: Hydraulics | B20: High flow dynamics | C20: Impervious surface | D20: % | E20: =IF('DEEP Score'!$E$12="","",'DEEP Score'!$E$12) | G20: =IF('Metrics'!$V$5="","",'Metrics'!$V$5) | H20: =IF('Results'!$B$9="","",'Results'!$B$9) | I20: =IF('DEEP Score'!$H$20="","",IF('DEEP Score'!$H$20<=5,"Non-Functioning",IF('DEEP Score'!$H$20<=10,"Functioning At-Risk","Functioning")))
A21: Hydraulics | B21: Floodplain connectivity | C21: Bankfull width:depth ratio | E21: =IF('DEEP Score'!$E$19="","",'DEEP Score'!$E$19) | G21: =IF('Metrics'!$V$11="","",'Metrics'!$V$11) | H21: =IF('Results'!$B$10="","",'Results'!$B$10) | I21: =IF('DEEP Score'!$H$21="","",IF('DEEP Score'!$H$21<=5,"Non-Functioning",IF('DEEP Score'!$H$21<=10,"Functioning At-Risk","Functioning")))
C22: Bankfull height above channel | D22: m | G22: =IF('Metrics'!$V$12="","",'Metrics'!$V$12)
A23: Hydraulics | B23: Hyporheic connectivity | C23: Sand + fines | D23: % | G23: =IF('Metrics'!$V$13="","",'Metrics'!$V$13) | H23: =IF('Results'!$B$11="","",'Results'!$B$11) | I23: =IF('DEEP Score'!$H$23="","",IF('DEEP Score'!$H$23<=5,"Non-Functioning",IF('DEEP Score'!$H$23<=10,"Functioning At-Risk","Functioning")))
C24: Embeddedness | D24: % | G24: =IF('Metrics'!$V$14="","",'Metrics'!$V$14)
A25: Geomorphology | B25: Channel evolution | C25: Bankfull width:depth ratio | E25: =IF('DEEP Score'!$E$19="","",'DEEP Score'!$E$19) | G25: =IF('Metrics'!$V$11="","",'Metrics'!$V$11) | H25: =IF('Results'!$B$12="","",'Results'!$B$12) | I25: =IF('DEEP Score'!$H$25="","",IF('DEEP Score'!$H$25<=5,"Non-Functioning",IF('DEEP Score'!$H$25<=10,"Functioning At-Risk","Functioning")))
C26: Bankfull height above channel | D26: m | E26: =IF('DEEP Score'!$E$22="","",'DEEP Score'!$E$22) | G26: =IF('Metrics'!$V$12="","",'Metrics'!$V$12)
A27: Geomorphology | B27: Channel and floodplain dynamics | C27: Sinuosity | G27: =IF('Metrics'!$V$15="","",'Metrics'!$V$15) | H27: =IF('Results'!$B$13="","",'Results'!$B$13) | I27: =IF('DEEP Score'!$H$27="","",IF('DEEP Score'!$H$27<=5,"Non-Functioning",IF('DEEP Score'!$H$27<=10,"Functioning At-Risk","Functioning")))
C28: Bank angle | D28: degrees | G28: =IF('Metrics'!$V$16="","",'Metrics'!$V$16)
A29: Geomorphology | B29: Sediment continuity | C29: Relative bed stability | D29: log | G29: =IF('Metrics'!$V$17="","",'Metrics'!$V$17) | H29: =IF('Results'!$B$14="","",'Results'!$B$14) | I29: =IF('DEEP Score'!$H$29="","",IF('DEEP Score'!$H$29<=5,"Non-Functioning",IF('DEEP Score'!$H$29<=10,"Functioning At-Risk","Functioning")))
C30: Sand + fines | D30: % | E30: =IF('DEEP Score'!$E$23="","",'DEEP Score'!$E$23) | G30: =IF('Metrics'!$V$13="","",'Metrics'!$V$13)
A31: Geomorphology | B31: Bed composition and bedform dynamics | C31: Large wood volume | D31: m3/100m | G31: =IF('Metrics'!$V$18="","",'Metrics'!$V$18) | H31: =IF('Results'!$B$15="","",'Results'!$B$15) | I31: =IF('DEEP Score'!$H$31="","",IF('DEEP Score'!$H$31<=5,"Non-Functioning",IF('DEEP Score'!$H$31<=10,"Functioning At-Risk","Functioning")))
C32: Embeddedness | D32: % | E32: =IF('DEEP Score'!$E$24="","",'DEEP Score'!$E$24) | G32: =IF('Metrics'!$V$14="","",'Metrics'!$V$14)
A33: Physicochemistry | B33: Light & thermal regime | C33: Chlorophyll a | D33: ug/L | G33: =IF('Metrics'!$V$19="","",'Metrics'!$V$19) | H33: =IF('Results'!$B$16="","",'Results'!$B$16) | I33: =IF('DEEP Score'!$H$33="","",IF('DEEP Score'!$H$33<=5,"Non-Functioning",IF('DEEP Score'!$H$33<=10,"Functioning At-Risk","Functioning")))
C34: Canopy density, mid-channel | D34: % | G34: =IF('Metrics'!$V$20="","",'Metrics'!$V$20)
A35: Physicochemistry | B35: Carbon processing | C35: Riparian veg cover, woody | D35: frac | G35: =IF('Metrics'!$V$21="","",'Metrics'!$V$21) | H35: =IF('Results'!$B$17="","",'Results'!$B$17) | I35: =IF('DEEP Score'!$H$35="","",IF('DEEP Score'!$H$35<=5,"Non-Functioning",IF('DEEP Score'!$H$35<=10,"Functioning At-Risk","Functioning")))
A36: Physicochemistry | B36: Nutrient cycling | C36: Total nitrogen | D36: mg N/L | G36: =IF('Metrics'!$V$22="","",'Metrics'!$V$22) | H36: =IF('Results'!$B$18="","",'Results'!$B$18) | I36: =IF('DEEP Score'!$H$36="","",IF('DEEP Score'!$H$36<=5,"Non-Functioning",IF('DEEP Score'!$H$36<=10,"Functioning At-Risk","Functioning")))
C37: Total phosphorus | D37: ug/L | G37: =IF('Metrics'!$V$23="","",'Metrics'!$V$23)
A38: Physicochemistry | B38: Water & soil quality | C38: Specific conductivity | D38: uS/cm | G38: =IF('Metrics'!$V$24="","",'Metrics'!$V$24) | H38: =IF('Results'!$B$19="","",'Results'!$B$19) | I38: =IF('DEEP Score'!$H$38="","",IF('DEEP Score'!$H$38<=5,"Non-Functioning",IF('DEEP Score'!$H$38<=10,"Functioning At-Risk","Functioning")))
C39: Turbidity | D39: NTU | G39: =IF('Metrics'!$V$25="","",'Metrics'!$V$25)
A40: Biology | B40: Habitat provision | C40: Fast-water / riffle habitat | D40: % | G40: =IF('Metrics'!$V$26="","",'Metrics'!$V$26) | H40: =IF('Results'!$B$20="","",'Results'!$B$20) | I40: =IF('DEEP Score'!$H$40="","",IF('DEEP Score'!$H$40<=5,"Non-Functioning",IF('DEEP Score'!$H$40<=10,"Functioning At-Risk","Functioning")))
C41: Natural fish cover | D41: frac | G41: =IF('Metrics'!$V$27="","",'Metrics'!$V$27)
A42: Biology | B42: Population support | C42: Benthic total taxa richness | G42: =IF('Metrics'!$V$28="","",'Metrics'!$V$28) | H42: =IF('Results'!$B$21="","",'Results'!$B$21) | I42: =IF('DEEP Score'!$H$42="","",IF('DEEP Score'!$H$42<=5,"Non-Functioning",IF('DEEP Score'!$H$42<=10,"Functioning At-Risk","Functioning")))
A43: Biology | B43: Community dynamics | C43: EPT taxa richness | G43: =IF('Metrics'!$V$29="","",'Metrics'!$V$29) | H43: =IF('Results'!$B$22="","",'Results'!$B$22) | I43: =IF('DEEP Score'!$H$43="","",IF('DEEP Score'!$H$43<=5,"Non-Functioning",IF('DEEP Score'!$H$43<=10,"Functioning At-Risk","Functioning")))
C44: Shannon diversity (H') | D44: H' | G44: =IF('Metrics'!$V$30="","",'Metrics'!$V$30)
A45: Biology | B45: Watershed connectivity | C45: Mapped dams within one mile | D45: dams | G45: =IF('Metrics'!$V$31="","",'Metrics'!$V$31) | H45: =IF('Results'!$B$23="","",'Results'!$B$23) | I45: =IF('DEEP Score'!$H$45="","",IF('DEEP Score'!$H$45<=5,"Non-Functioning",IF('DEEP Score'!$H$45<=10,"Functioning At-Risk","Functioning")))
A47: Summary
A48: Outcome | B48: Sub-index (0 to 1) | C48: Condition
A49: Physical | B49: ='Results'!$B$26 | C49: =IF('DEEP Score'!$B$49<=0.39,"Non-Functioning",IF('DEEP Score'!$B$49<=0.69,"Functioning At-Risk","Functioning"))
A50: Chemical | B50: ='Results'!$B$27 | C50: =IF('DEEP Score'!$B$50<=0.39,"Non-Functioning",IF('DEEP Score'!$B$50<=0.69,"Functioning At-Risk","Functioning"))
A51: Biological | B51: ='Results'!$B$28 | C51: =IF('DEEP Score'!$B$51<=0.39,"Non-Functioning",IF('DEEP Score'!$B$51<=0.69,"Functioning At-Risk","Functioning"))
A52: Ecosystem Condition Index | B52: ='Results'!$B$29 | C52: =IF('DEEP Score'!$B$52<=0.39,"Non-Functioning",IF('DEEP Score'!$B$52<=0.69,"Functioning At-Risk","Functioning"))
A53: Functions with a score: | B53: =COUNT('Results'!$B$4:$B$23)&" of 20"
A54: This assessment covers 20 of 20 STAF functions.
A56: Withheld for insufficient reference support (not scored)
A57: Native fish taxa richness | C57: Population support
A59: Notes

Sheet Metrics
A1: Metric indices
A2: One row per metric. The value and the curve set come from the DEEP Score sheet, the knots from the Reference sheet, and the index is DEEP's piecewise-linear interpolation.
A3: Assessment status: Draft. For research and regional assessment development only.
A4: Metric | B4: Value | C4: Curve set in use | D4: Curve key | E4: Curve row | F4: x1 | G4: x2 | H4: x3 | I4: x4 | J4: x5 | K4: x6 | L4: x7 | M4: x8 | N4: y1 | O4: y2 | P4: y3 | Q4: y4 | R4: y5 | S4: y6 | T4: y7 | U4: y8 | V4: Index
A5: Impervious surface | B5: =IF('DEEP Score'!$E$12="","",'DEEP Score'!$E$12) | C5: ="" | D5: ="spring_pctimp2019ws|"&'Metrics'!$C$5 | E5: =IFERROR(MATCH('Metrics'!$D$5,curve_key,0),MATCH("spring_pctimp2019ws|",curve_key,0)) | F5: =INDEX(curve_x1,'Metrics'!$E$5) | G5: =INDEX(curve_x2,'Metrics'!$E$5) | H5: =INDEX(curve_x3,'Metrics'!$E$5) | I5: =INDEX(curve_x4,'Metrics'!$E$5) | J5: =INDEX(curve_x5,'Metrics'!$E$5) | K5: =INDEX(curve_x6,'Metrics'!$E$5) | L5: =INDEX(curve_x7,'Metrics'!$E$5) | M5: =INDEX(curve_x8,'Metrics'!$E$5) | N5: =INDEX(curve_y1,'Metrics'!$E$5) | O5: =INDEX(curve_y2,'Metrics'!$E$5) | P5: =INDEX(curve_y3,'Metrics'!$E$5) | Q5: =INDEX(curve_y4,'Metrics'!$E$5) | R5: =INDEX(curve_y5,'Metrics'!$E$5) | S5: =INDEX(curve_y6,'Metrics'!$E$5) | T5: =INDEX(curve_y7,'Metrics'!$E$5) | U5: =INDEX(curve_y8,'Metrics'!$E$5) | V5: =IF(ISNUMBER('Metrics'!$B$5),MAX(0,MIN(1,IF('Metrics'!$B$5<='Metrics'!$F$5,'Metrics'!$N$5,IF('Metrics'!$B$5>='Metrics'!$M$5,'Metrics'!$U$5,IF('Metrics'!$B$5<='Metrics'!$G$5,IF('Metrics'!$G$5-'Metrics'!$F$5<=0,'Metrics'!$O$5,'Metrics'!$N$5+('Metrics'!$B$5-'Metrics'!$F$5)/('Metrics'!$G$5-'Metrics'!$F$5)*('Metrics'!$O$5-'Metrics'!$N$5)),IF('Metrics'!$B$5<='Metrics'!$H$5,IF('Metrics'!$H$5-'Metrics'!$G$5<=0,'Metrics'!$P$5,'Metrics'!$O$5+('Metrics'!$B$5-'Metrics'!$G$5)/('Metrics'!$H$5-'Metrics'!$G$5)*('Metrics'!$P$5-'Metrics'!$O$5)),IF('Metrics'!$B$5<='Metrics'!$I$5,IF('Metrics'!$I$5-'Metrics'!$H$5<=0,'Metrics'!$Q$5,'Metrics'!$P$5+('Metrics'!$B$5-'Metrics'!$H$5)/('Metrics'!$I$5-'Metrics'!$H$5)*('Metrics'!$Q$5-'Metrics'!$P$5)),IF('Metrics'!$B$5<='Metrics'!$J$5,IF('Metrics'!$J$5-'Metrics'!$I$5<=0,'Metrics'!$R$5,'Metrics'!$Q$5+('Metrics'!$B$5-'Metrics'!$I$5)/('Metrics'!$J$5-'Metrics'!$I$5)*('Metrics'!$R$5-'Metrics'!$Q$5)),IF('Metrics'!$B$5<='Metrics'!$K$5,IF('Metrics'!$K$5-'Metrics'!$J$5<=0,'Metrics'!$S$5,'Metrics'!$R$5+('Metrics'!$B$5-'Metrics'!$J$5)/('Metrics'!$K$5-'Metrics'!$J$5)*('Metrics'!$S$5-'Metrics'!$R$5)),IF('Metrics'!$B$5<='Metrics'!$L$5,IF('Metrics'!$L$5-'Metrics'!$K$5<=0,'Metrics'!$T$5,'Metrics'!$S$5+('Metrics'!$B$5-'Metrics'!$K$5)/('Metrics'!$L$5-'Metrics'!$K$5)*('Metrics'!$T$5-'Metrics'!$S$5)),IF('Metrics'!$M$5-'Metrics'!$L$5<=0,'Metrics'!$U$5,'Metrics'!$T$5+('Metrics'!$B$5-'Metrics'!$L$5)/('Metrics'!$M$5-'Metrics'!$L$5)*('Metrics'!$U$5-'Metrics'!$T$5)))))))))))),"")
A6: Agriculture, crop and hay | B6: =IF('DEEP Score'!$E$13="","",'DEEP Score'!$E$13) | C6: ="" | D6: ="spring_pctag2019ws|"&'Metrics'!$C$6 | E6: =IFERROR(MATCH('Metrics'!$D$6,curve_key,0),MATCH("spring_pctag2019ws|",curve_key,0)) | F6: =INDEX(curve_x1,'Metrics'!$E$6) | G6: =INDEX(curve_x2,'Metrics'!$E$6) | H6: =INDEX(curve_x3,'Metrics'!$E$6) | I6: =INDEX(curve_x4,'Metrics'!$E$6) | J6: =INDEX(curve_x5,'Metrics'!$E$6) | K6: =INDEX(curve_x6,'Metrics'!$E$6) | L6: =INDEX(curve_x7,'Metrics'!$E$6) | M6: =INDEX(curve_x8,'Metrics'!$E$6) | N6: =INDEX(curve_y1,'Metrics'!$E$6) | O6: =INDEX(curve_y2,'Metrics'!$E$6) | P6: =INDEX(curve_y3,'Metrics'!$E$6) | Q6: =INDEX(curve_y4,'Metrics'!$E$6) | R6: =INDEX(curve_y5,'Metrics'!$E$6) | S6: =INDEX(curve_y6,'Metrics'!$E$6) | T6: =INDEX(curve_y7,'Metrics'!$E$6) | U6: =INDEX(curve_y8,'Metrics'!$E$6) | V6: =IF(ISNUMBER('Metrics'!$B$6),MAX(0,MIN(1,IF('Metrics'!$B$6<='Metrics'!$F$6,'Metrics'!$N$6,IF('Metrics'!$B$6>='Metrics'!$M$6,'Metrics'!$U$6,IF('Metrics'!$B$6<='Metrics'!$G$6,IF('Metrics'!$G$6-'Metrics'!$F$6<=0,'Metrics'!$O$6,'Metrics'!$N$6+('Metrics'!$B$6-'Metrics'!$F$6)/('Metrics'!$G$6-'Metrics'!$F$6)*('Metrics'!$O$6-'Metrics'!$N$6)),IF('Metrics'!$B$6<='Metrics'!$H$6,IF('Metrics'!$H$6-'Metrics'!$G$6<=0,'Metrics'!$P$6,'Metrics'!$O$6+('Metrics'!$B$6-'Metrics'!$G$6)/('Metrics'!$H$6-'Metrics'!$G$6)*('Metrics'!$P$6-'Metrics'!$O$6)),IF('Metrics'!$B$6<='Metrics'!$I$6,IF('Metrics'!$I$6-'Metrics'!$H$6<=0,'Metrics'!$Q$6,'Metrics'!$P$6+('Metrics'!$B$6-'Metrics'!$H$6)/('Metrics'!$I$6-'Metrics'!$H$6)*('Metrics'!$Q$6-'Metrics'!$P$6)),IF('Metrics'!$B$6<='Metrics'!$J$6,IF('Metrics'!$J$6-'Metrics'!$I$6<=0,'Metrics'!$R$6,'Metrics'!$Q$6+('Metrics'!$B$6-'Metrics'!$I$6)/('Metrics'!$J$6-'Metrics'!$I$6)*('Metrics'!$R$6-'Metrics'!$Q$6)),IF('Metrics'!$B$6<='Metrics'!$K$6,IF('Metrics'!$K$6-'Metrics'!$J$6<=0,'Metrics'!$S$6,'Metrics'!$R$6+('Metrics'!$B$6-'Metrics'!$J$6)/('Metrics'!$K$6-'Metrics'!$J$6)*('Metrics'!$S$6-'Metrics'!$R$6)),IF('Metrics'!$B$6<='Metrics'!$L$6,IF('Metrics'!$L$6-'Metrics'!$K$6<=0,'Metrics'!$T$6,'Metrics'!$S$6+('Metrics'!$B$6-'Metrics'!$K$6)/('Metrics'!$L$6-'Metrics'!$K$6)*('Metrics'!$T$6-'Metrics'!$S$6)),IF('Metrics'!$M$6-'Metrics'!$L$6<=0,'Metrics'!$U$6,'Metrics'!$T$6+('Metrics'!$B$6-'Metrics'!$L$6)/('Metrics'!$M$6-'Metrics'!$L$6)*('Metrics'!$U$6-'Metrics'!$T$6)))))))))))),"")
A7: Wetland | B7: =IF('DEEP Score'!$E$14="","",'DEEP Score'!$E$14) | C7: ="" | D7: ="spring_pctwet2019ws|"&'Metrics'!$C$7 | E7: =IFERROR(MATCH('Metrics'!$D$7,curve_key,0),MATCH("spring_pctwet2019ws|",curve_key,0)) | F7: =INDEX(curve_x1,'Metrics'!$E$7) | G7: =INDEX(curve_x2,'Metrics'!$E$7) | H7: =INDEX(curve_x3,'Metrics'!$E$7) | I7: =INDEX(curve_x4,'Metrics'!$E$7) | J7: =INDEX(curve_x5,'Metrics'!$E$7) | K7: =INDEX(curve_x6,'Metrics'!$E$7) | L7: =INDEX(curve_x7,'Metrics'!$E$7) | M7: =INDEX(curve_x8,'Metrics'!$E$7) | N7: =INDEX(curve_y1,'Metrics'!$E$7) | O7: =INDEX(curve_y2,'Metrics'!$E$7) | P7: =INDEX(curve_y3,'Metrics'!$E$7) | Q7: =INDEX(curve_y4,'Metrics'!$E$7) | R7: =INDEX(curve_y5,'Metrics'!$E$7) | S7: =INDEX(curve_y6,'Metrics'!$E$7) | T7: =INDEX(curve_y7,'Metrics'!$E$7) | U7: =INDEX(curve_y8,'Metrics'!$E$7) | V7: =IF(ISNUMBER('Metrics'!$B$7),MAX(0,MIN(1,IF('Metrics'!$B$7<='Metrics'!$F$7,'Metrics'!$N$7,IF('Metrics'!$B$7>='Metrics'!$M$7,'Metrics'!$U$7,IF('Metrics'!$B$7<='Metrics'!$G$7,IF('Metrics'!$G$7-'Metrics'!$F$7<=0,'Metrics'!$O$7,'Metrics'!$N$7+('Metrics'!$B$7-'Metrics'!$F$7)/('Metrics'!$G$7-'Metrics'!$F$7)*('Metrics'!$O$7-'Metrics'!$N$7)),IF('Metrics'!$B$7<='Metrics'!$H$7,IF('Metrics'!$H$7-'Metrics'!$G$7<=0,'Metrics'!$P$7,'Metrics'!$O$7+('Metrics'!$B$7-'Metrics'!$G$7)/('Metrics'!$H$7-'Metrics'!$G$7)*('Metrics'!$P$7-'Metrics'!$O$7)),IF('Metrics'!$B$7<='Metrics'!$I$7,IF('Metrics'!$I$7-'Metrics'!$H$7<=0,'Metrics'!$Q$7,'Metrics'!$P$7+('Metrics'!$B$7-'Metrics'!$H$7)/('Metrics'!$I$7-'Metrics'!$H$7)*('Metrics'!$Q$7-'Metrics'!$P$7)),IF('Metrics'!$B$7<='Metrics'!$J$7,IF('Metrics'!$J$7-'Metrics'!$I$7<=0,'Metrics'!$R$7,'Metrics'!$Q$7+('Metrics'!$B$7-'Metrics'!$I$7)/('Metrics'!$J$7-'Metrics'!$I$7)*('Metrics'!$R$7-'Metrics'!$Q$7)),IF('Metrics'!$B$7<='Metrics'!$K$7,IF('Metrics'!$K$7-'Metrics'!$J$7<=0,'Metrics'!$S$7,'Metrics'!$R$7+('Metrics'!$B$7-'Metrics'!$J$7)/('Metrics'!$K$7-'Metrics'!$J$7)*('Metrics'!$S$7-'Metrics'!$R$7)),IF('Metrics'!$B$7<='Metrics'!$L$7,IF('Metrics'!$L$7-'Metrics'!$K$7<=0,'Metrics'!$T$7,'Metrics'!$S$7+('Metrics'!$B$7-'Metrics'!$K$7)/('Metrics'!$L$7-'Metrics'!$K$7)*('Metrics'!$T$7-'Metrics'!$S$7)),IF('Metrics'!$M$7-'Metrics'!$L$7<=0,'Metrics'!$U$7,'Metrics'!$T$7+('Metrics'!$B$7-'Metrics'!$L$7)/('Metrics'!$M$7-'Metrics'!$L$7)*('Metrics'!$U$7-'Metrics'!$T$7)))))))))))),"")
A8: Road density | B8: =IF('DEEP Score'!$E$15="","",'DEEP Score'!$E$15) | C8: ="" | D8: ="spring_rddensws|"&'Metrics'!$C$8 | E8: =IFERROR(MATCH('Metrics'!$D$8,curve_key,0),MATCH("spring_rddensws|",curve_key,0)) | F8: =INDEX(curve_x1,'Metrics'!$E$8) | G8: =INDEX(curve_x2,'Metrics'!$E$8) | H8: =INDEX(curve_x3,'Metrics'!$E$8) | I8: =INDEX(curve_x4,'Metrics'!$E$8) | J8: =INDEX(curve_x5,'Metrics'!$E$8) | K8: =INDEX(curve_x6,'Metrics'!$E$8) | L8: =INDEX(curve_x7,'Metrics'!$E$8) | M8: =INDEX(curve_x8,'Metrics'!$E$8) | N8: =INDEX(curve_y1,'Metrics'!$E$8) | O8: =INDEX(curve_y2,'Metrics'!$E$8) | P8: =INDEX(curve_y3,'Metrics'!$E$8) | Q8: =INDEX(curve_y4,'Metrics'!$E$8) | R8: =INDEX(curve_y5,'Metrics'!$E$8) | S8: =INDEX(curve_y6,'Metrics'!$E$8) | T8: =INDEX(curve_y7,'Metrics'!$E$8) | U8: =INDEX(curve_y8,'Metrics'!$E$8) | V8: =IF(ISNUMBER('Metrics'!$B$8),MAX(0,MIN(1,IF('Metrics'!$B$8<='Metrics'!$F$8,'Metrics'!$N$8,IF('Metrics'!$B$8>='Metrics'!$M$8,'Metrics'!$U$8,IF('Metrics'!$B$8<='Metrics'!$G$8,IF('Metrics'!$G$8-'Metrics'!$F$8<=0,'Metrics'!$O$8,'Metrics'!$N$8+('Metrics'!$B$8-'Metrics'!$F$8)/('Metrics'!$G$8-'Metrics'!$F$8)*('Metrics'!$O$8-'Metrics'!$N$8)),IF('Metrics'!$B$8<='Metrics'!$H$8,IF('Metrics'!$H$8-'Metrics'!$G$8<=0,'Metrics'!$P$8,'Metrics'!$O$8+('Metrics'!$B$8-'Metrics'!$G$8)/('Metrics'!$H$8-'Metrics'!$G$8)*('Metrics'!$P$8-'Metrics'!$O$8)),IF('Metrics'!$B$8<='Metrics'!$I$8,IF('Metrics'!$I$8-'Metrics'!$H$8<=0,'Metrics'!$Q$8,'Metrics'!$P$8+('Metrics'!$B$8-'Metrics'!$H$8)/('Metrics'!$I$8-'Metrics'!$H$8)*('Metrics'!$Q$8-'Metrics'!$P$8)),IF('Metrics'!$B$8<='Metrics'!$J$8,IF('Metrics'!$J$8-'Metrics'!$I$8<=0,'Metrics'!$R$8,'Metrics'!$Q$8+('Metrics'!$B$8-'Metrics'!$I$8)/('Metrics'!$J$8-'Metrics'!$I$8)*('Metrics'!$R$8-'Metrics'!$Q$8)),IF('Metrics'!$B$8<='Metrics'!$K$8,IF('Metrics'!$K$8-'Metrics'!$J$8<=0,'Metrics'!$S$8,'Metrics'!$R$8+('Metrics'!$B$8-'Metrics'!$J$8)/('Metrics'!$K$8-'Metrics'!$J$8)*('Metrics'!$S$8-'Metrics'!$R$8)),IF('Metrics'!$B$8<='Metrics'!$L$8,IF('Metrics'!$L$8-'Metrics'!$K$8<=0,'Metrics'!$T$8,'Metrics'!$S$8+('Metrics'!$B$8-'Metrics'!$K$8)/('Metrics'!$L$8-'Metrics'!$K$8)*('Metrics'!$T$8-'Metrics'!$S$8)),IF('Metrics'!$M$8-'Metrics'!$L$8<=0,'Metrics'!$U$8,'Metrics'!$T$8+('Metrics'!$B$8-'Metrics'!$L$8)/('Metrics'!$M$8-'Metrics'!$L$8)*('Metrics'!$U$8-'Metrics'!$T$8)))))))))))),"")
A9: Base flow index | B9: =IF('DEEP Score'!$E$16="","",'DEEP Score'!$E$16) | C9: ="" | D9: ="spring_bfiws|"&'Metrics'!$C$9 | E9: =IFERROR(MATCH('Metrics'!$D$9,curve_key,0),MATCH("spring_bfiws|",curve_key,0)) | F9: =INDEX(curve_x1,'Metrics'!$E$9) | G9: =INDEX(curve_x2,'Metrics'!$E$9) | H9: =INDEX(curve_x3,'Metrics'!$E$9) | I9: =INDEX(curve_x4,'Metrics'!$E$9) | J9: =INDEX(curve_x5,'Metrics'!$E$9) | K9: =INDEX(curve_x6,'Metrics'!$E$9) | L9: =INDEX(curve_x7,'Metrics'!$E$9) | M9: =INDEX(curve_x8,'Metrics'!$E$9) | N9: =INDEX(curve_y1,'Metrics'!$E$9) | O9: =INDEX(curve_y2,'Metrics'!$E$9) | P9: =INDEX(curve_y3,'Metrics'!$E$9) | Q9: =INDEX(curve_y4,'Metrics'!$E$9) | R9: =INDEX(curve_y5,'Metrics'!$E$9) | S9: =INDEX(curve_y6,'Metrics'!$E$9) | T9: =INDEX(curve_y7,'Metrics'!$E$9) | U9: =INDEX(curve_y8,'Metrics'!$E$9) | V9: =IF(ISNUMBER('Metrics'!$B$9),MAX(0,MIN(1,IF('Metrics'!$B$9<='Metrics'!$F$9,'Metrics'!$N$9,IF('Metrics'!$B$9>='Metrics'!$M$9,'Metrics'!$U$9,IF('Metrics'!$B$9<='Metrics'!$G$9,IF('Metrics'!$G$9-'Metrics'!$F$9<=0,'Metrics'!$O$9,'Metrics'!$N$9+('Metrics'!$B$9-'Metrics'!$F$9)/('Metrics'!$G$9-'Metrics'!$F$9)*('Metrics'!$O$9-'Metrics'!$N$9)),IF('Metrics'!$B$9<='Metrics'!$H$9,IF('Metrics'!$H$9-'Metrics'!$G$9<=0,'Metrics'!$P$9,'Metrics'!$O$9+('Metrics'!$B$9-'Metrics'!$G$9)/('Metrics'!$H$9-'Metrics'!$G$9)*('Metrics'!$P$9-'Metrics'!$O$9)),IF('Metrics'!$B$9<='Metrics'!$I$9,IF('Metrics'!$I$9-'Metrics'!$H$9<=0,'Metrics'!$Q$9,'Metrics'!$P$9+('Metrics'!$B$9-'Metrics'!$H$9)/('Metrics'!$I$9-'Metrics'!$H$9)*('Metrics'!$Q$9-'Metrics'!$P$9)),IF('Metrics'!$B$9<='Metrics'!$J$9,IF('Metrics'!$J$9-'Metrics'!$I$9<=0,'Metrics'!$R$9,'Metrics'!$Q$9+('Metrics'!$B$9-'Metrics'!$I$9)/('Metrics'!$J$9-'Metrics'!$I$9)*('Metrics'!$R$9-'Metrics'!$Q$9)),IF('Metrics'!$B$9<='Metrics'!$K$9,IF('Metrics'!$K$9-'Metrics'!$J$9<=0,'Metrics'!$S$9,'Metrics'!$R$9+('Metrics'!$B$9-'Metrics'!$J$9)/('Metrics'!$K$9-'Metrics'!$J$9)*('Metrics'!$S$9-'Metrics'!$R$9)),IF('Metrics'!$B$9<='Metrics'!$L$9,IF('Metrics'!$L$9-'Metrics'!$K$9<=0,'Metrics'!$T$9,'Metrics'!$S$9+('Metrics'!$B$9-'Metrics'!$K$9)/('Metrics'!$L$9-'Metrics'!$K$9)*('Metrics'!$T$9-'Metrics'!$S$9)),IF('Metrics'!$M$9-'Metrics'!$L$9<=0,'Metrics'!$U$9,'Metrics'!$T$9+('Metrics'!$B$9-'Metrics'!$L$9)/('Metrics'!$M$9-'Metrics'!$L$9)*('Metrics'!$U$9-'Metrics'!$T$9)))))))))))),"")
A10: Degree of regulation | B10: =IF('DEEP Score'!$E$17="","",'DEEP Score'!$E$17) | C10: ="" | D10: ="spring_dorws|"&'Metrics'!$C$10 | E10: =IFERROR(MATCH('Metrics'!$D$10,curve_key,0),MATCH("spring_dorws|",curve_key,0)) | F10: =INDEX(curve_x1,'Metrics'!$E$10) | G10: =INDEX(curve_x2,'Metrics'!$E$10) | H10: =INDEX(curve_x3,'Metrics'!$E$10) | I10: =INDEX(curve_x4,'Metrics'!$E$10) | J10: =INDEX(curve_x5,'Metrics'!$E$10) | K10: =INDEX(curve_x6,'Metrics'!$E$10) | L10: =INDEX(curve_x7,'Metrics'!$E$10) | M10: =INDEX(curve_x8,'Metrics'!$E$10) | N10: =INDEX(curve_y1,'Metrics'!$E$10) | O10: =INDEX(curve_y2,'Metrics'!$E$10) | P10: =INDEX(curve_y3,'Metrics'!$E$10) | Q10: =INDEX(curve_y4,'Metrics'!$E$10) | R10: =INDEX(curve_y5,'Metrics'!$E$10) | S10: =INDEX(curve_y6,'Metrics'!$E$10) | T10: =INDEX(curve_y7,'Metrics'!$E$10) | U10: =INDEX(curve_y8,'Metrics'!$E$10) | V10: =IF(ISNUMBER('Metrics'!$B$10),MAX(0,MIN(1,IF('Metrics'!$B$10<='Metrics'!$F$10,'Metrics'!$N$10,IF('Metrics'!$B$10>='Metrics'!$M$10,'Metrics'!$U$10,IF('Metrics'!$B$10<='Metrics'!$G$10,IF('Metrics'!$G$10-'Metrics'!$F$10<=0,'Metrics'!$O$10,'Metrics'!$N$10+('Metrics'!$B$10-'Metrics'!$F$10)/('Metrics'!$G$10-'Metrics'!$F$10)*('Metrics'!$O$10-'Metrics'!$N$10)),IF('Metrics'!$B$10<='Metrics'!$H$10,IF('Metrics'!$H$10-'Metrics'!$G$10<=0,'Metrics'!$P$10,'Metrics'!$O$10+('Metrics'!$B$10-'Metrics'!$G$10)/('Metrics'!$H$10-'Metrics'!$G$10)*('Metrics'!$P$10-'Metrics'!$O$10)),IF('Metrics'!$B$10<='Metrics'!$I$10,IF('Metrics'!$I$10-'Metrics'!$H$10<=0,'Metrics'!$Q$10,'Metrics'!$P$10+('Metrics'!$B$10-'Metrics'!$H$10)/('Metrics'!$I$10-'Metrics'!$H$10)*('Metrics'!$Q$10-'Metrics'!$P$10)),IF('Metrics'!$B$10<='Metrics'!$J$10,IF('Metrics'!$J$10-'Metrics'!$I$10<=0,'Metrics'!$R$10,'Metrics'!$Q$10+('Metrics'!$B$10-'Metrics'!$I$10)/('Metrics'!$J$10-'Metrics'!$I$10)*('Metrics'!$R$10-'Metrics'!$Q$10)),IF('Metrics'!$B$10<='Metrics'!$K$10,IF('Metrics'!$K$10-'Metrics'!$J$10<=0,'Metrics'!$S$10,'Metrics'!$R$10+('Metrics'!$B$10-'Metrics'!$J$10)/('Metrics'!$K$10-'Metrics'!$J$10)*('Metrics'!$S$10-'Metrics'!$R$10)),IF('Metrics'!$B$10<='Metrics'!$L$10,IF('Metrics'!$L$10-'Metrics'!$K$10<=0,'Metrics'!$T$10,'Metrics'!$S$10+('Metrics'!$B$10-'Metrics'!$K$10)/('Metrics'!$L$10-'Metrics'!$K$10)*('Metrics'!$T$10-'Metrics'!$S$10)),IF('Metrics'!$M$10-'Metrics'!$L$10<=0,'Metrics'!$U$10,'Metrics'!$T$10+('Metrics'!$B$10-'Metrics'!$L$10)/('Metrics'!$M$10-'Metrics'!$L$10)*('Metrics'!$U$10-'Metrics'!$T$10)))))))))))),"")
A11: Bankfull width:depth ratio | B11: =IF('DEEP Score'!$E$19="","",'DEEP Score'!$E$19) | C11: ="" | D11: ="spring_phab_bfwd_rat|"&'Metrics'!$C$11 | E11: =IFERROR(MATCH('Metrics'!$D$11,curve_key,0),MATCH("spring_phab_bfwd_rat|",curve_key,0)) | F11: =INDEX(curve_x1,'Metrics'!$E$11) | G11: =INDEX(curve_x2,'Metrics'!$E$11) | H11: =INDEX(curve_x3,'Metrics'!$E$11) | I11: =INDEX(curve_x4,'Metrics'!$E$11) | J11: =INDEX(curve_x5,'Metrics'!$E$11) | K11: =INDEX(curve_x6,'Metrics'!$E$11) | L11: =INDEX(curve_x7,'Metrics'!$E$11) | M11: =INDEX(curve_x8,'Metrics'!$E$11) | N11: =INDEX(curve_y1,'Metrics'!$E$11) | O11: =INDEX(curve_y2,'Metrics'!$E$11) | P11: =INDEX(curve_y3,'Metrics'!$E$11) | Q11: =INDEX(curve_y4,'Metrics'!$E$11) | R11: =INDEX(curve_y5,'Metrics'!$E$11) | S11: =INDEX(curve_y6,'Metrics'!$E$11) | T11: =INDEX(curve_y7,'Metrics'!$E$11) | U11: =INDEX(curve_y8,'Metrics'!$E$11) | V11: =IF(ISNUMBER('Metrics'!$B$11),MAX(0,MIN(1,IF('Metrics'!$B$11<='Metrics'!$F$11,'Metrics'!$N$11,IF('Metrics'!$B$11>='Metrics'!$M$11,'Metrics'!$U$11,IF('Metrics'!$B$11<='Metrics'!$G$11,IF('Metrics'!$G$11-'Metrics'!$F$11<=0,'Metrics'!$O$11,'Metrics'!$N$11+('Metrics'!$B$11-'Metrics'!$F$11)/('Metrics'!$G$11-'Metrics'!$F$11)*('Metrics'!$O$11-'Metrics'!$N$11)),IF('Metrics'!$B$11<='Metrics'!$H$11,IF('Metrics'!$H$11-'Metrics'!$G$11<=0,'Metrics'!$P$11,'Metrics'!$O$11+('Metrics'!$B$11-'Metrics'!$G$11)/('Metrics'!$H$11-'Metrics'!$G$11)*('Metrics'!$P$11-'Metrics'!$O$11)),IF('Metrics'!$B$11<='Metrics'!$I$11,IF('Metrics'!$I$11-'Metrics'!$H$11<=0,'Metrics'!$Q$11,'Metrics'!$P$11+('Metrics'!$B$11-'Metrics'!$H$11)/('Metrics'!$I$11-'Metrics'!$H$11)*('Metrics'!$Q$11-'Metrics'!$P$11)),IF('Metrics'!$B$11<='Metrics'!$J$11,IF('Metrics'!$J$11-'Metrics'!$I$11<=0,'Metrics'!$R$11,'Metrics'!$Q$11+('Metrics'!$B$11-'Metrics'!$I$11)/('Metrics'!$J$11-'Metrics'!$I$11)*('Metrics'!$R$11-'Metrics'!$Q$11)),IF('Metrics'!$B$11<='Metrics'!$K$11,IF('Metrics'!$K$11-'Metrics'!$J$11<=0,'Metrics'!$S$11,'Metrics'!$R$11+('Metrics'!$B$11-'Metrics'!$J$11)/('Metrics'!$K$11-'Metrics'!$J$11)*('Metrics'!$S$11-'Metrics'!$R$11)),IF('Metrics'!$B$11<='Metrics'!$L$11,IF('Metrics'!$L$11-'Metrics'!$K$11<=0,'Metrics'!$T$11,'Metrics'!$S$11+('Metrics'!$B$11-'Metrics'!$K$11)/('Metrics'!$L$11-'Metrics'!$K$11)*('Metrics'!$T$11-'Metrics'!$S$11)),IF('Metrics'!$M$11-'Metrics'!$L$11<=0,'Metrics'!$U$11,'Metrics'!$T$11+('Metrics'!$B$11-'Metrics'!$L$11)/('Metrics'!$M$11-'Metrics'!$L$11)*('Metrics'!$U$11-'Metrics'!$T$11)))))))))))),"")
A12: Bankfull height above channel | B12: =IF('DEEP Score'!$E$22="","",'DEEP Score'!$E$22) | C12: ="" | D12: ="spring_phab_xbkf_h|"&'Metrics'!$C$12 | E12: =IFERROR(MATCH('Metrics'!$D$12,curve_key,0),MATCH("spring_phab_xbkf_h|",curve_key,0)) | F12: =INDEX(curve_x1,'Metrics'!$E$12) | G12: =INDEX(curve_x2,'Metrics'!$E$12) | H12: =INDEX(curve_x3,'Metrics'!$E$12) | I12: =INDEX(curve_x4,'Metrics'!$E$12) | J12: =INDEX(curve_x5,'Metrics'!$E$12) | K12: =INDEX(curve_x6,'Metrics'!$E$12) | L12: =INDEX(curve_x7,'Metrics'!$E$12) | M12: =INDEX(curve_x8,'Metrics'!$E$12) | N12: =INDEX(curve_y1,'Metrics'!$E$12) | O12: =INDEX(curve_y2,'Metrics'!$E$12) | P12: =INDEX(curve_y3,'Metrics'!$E$12) | Q12: =INDEX(curve_y4,'Metrics'!$E$12) | R12: =INDEX(curve_y5,'Metrics'!$E$12) | S12: =INDEX(curve_y6,'Metrics'!$E$12) | T12: =INDEX(curve_y7,'Metrics'!$E$12) | U12: =INDEX(curve_y8,'Metrics'!$E$12) | V12: =IF(ISNUMBER('Metrics'!$B$12),MAX(0,MIN(1,IF('Metrics'!$B$12<='Metrics'!$F$12,'Metrics'!$N$12,IF('Metrics'!$B$12>='Metrics'!$M$12,'Metrics'!$U$12,IF('Metrics'!$B$12<='Metrics'!$G$12,IF('Metrics'!$G$12-'Metrics'!$F$12<=0,'Metrics'!$O$12,'Metrics'!$N$12+('Metrics'!$B$12-'Metrics'!$F$12)/('Metrics'!$G$12-'Metrics'!$F$12)*('Metrics'!$O$12-'Metrics'!$N$12)),IF('Metrics'!$B$12<='Metrics'!$H$12,IF('Metrics'!$H$12-'Metrics'!$G$12<=0,'Metrics'!$P$12,'Metrics'!$O$12+('Metrics'!$B$12-'Metrics'!$G$12)/('Metrics'!$H$12-'Metrics'!$G$12)*('Metrics'!$P$12-'Metrics'!$O$12)),IF('Metrics'!$B$12<='Metrics'!$I$12,IF('Metrics'!$I$12-'Metrics'!$H$12<=0,'Metrics'!$Q$12,'Metrics'!$P$12+('Metrics'!$B$12-'Metrics'!$H$12)/('Metrics'!$I$12-'Metrics'!$H$12)*('Metrics'!$Q$12-'Metrics'!$P$12)),IF('Metrics'!$B$12<='Metrics'!$J$12,IF('Metrics'!$J$12-'Metrics'!$I$12<=0,'Metrics'!$R$12,'Metrics'!$Q$12+('Metrics'!$B$12-'Metrics'!$I$12)/('Metrics'!$J$12-'Metrics'!$I$12)*('Metrics'!$R$12-'Metrics'!$Q$12)),IF('Metrics'!$B$12<='Metrics'!$K$12,IF('Metrics'!$K$12-'Metrics'!$J$12<=0,'Metrics'!$S$12,'Metrics'!$R$12+('Metrics'!$B$12-'Metrics'!$J$12)/('Metrics'!$K$12-'Metrics'!$J$12)*('Metrics'!$S$12-'Metrics'!$R$12)),IF('Metrics'!$B$12<='Metrics'!$L$12,IF('Metrics'!$L$12-'Metrics'!$K$12<=0,'Metrics'!$T$12,'Metrics'!$S$12+('Metrics'!$B$12-'Metrics'!$K$12)/('Metrics'!$L$12-'Metrics'!$K$12)*('Metrics'!$T$12-'Metrics'!$S$12)),IF('Metrics'!$M$12-'Metrics'!$L$12<=0,'Metrics'!$U$12,'Metrics'!$T$12+('Metrics'!$B$12-'Metrics'!$L$12)/('Metrics'!$M$12-'Metrics'!$L$12)*('Metrics'!$U$12-'Metrics'!$T$12)))))))))))),"")
A13: Sand + fines | B13: =IF('DEEP Score'!$E$23="","",'DEEP Score'!$E$23) | C13: ="" | D13: ="spring_phab_pct_safn|"&'Metrics'!$C$13 | E13: =IFERROR(MATCH('Metrics'!$D$13,curve_key,0),MATCH("spring_phab_pct_safn|",curve_key,0)) | F13: =INDEX(curve_x1,'Metrics'!$E$13) | G13: =INDEX(curve_x2,'Metrics'!$E$13) | H13: =INDEX(curve_x3,'Metrics'!$E$13) | I13: =INDEX(curve_x4,'Metrics'!$E$13) | J13: =INDEX(curve_x5,'Metrics'!$E$13) | K13: =INDEX(curve_x6,'Metrics'!$E$13) | L13: =INDEX(curve_x7,'Metrics'!$E$13) | M13: =INDEX(curve_x8,'Metrics'!$E$13) | N13: =INDEX(curve_y1,'Metrics'!$E$13) | O13: =INDEX(curve_y2,'Metrics'!$E$13) | P13: =INDEX(curve_y3,'Metrics'!$E$13) | Q13: =INDEX(curve_y4,'Metrics'!$E$13) | R13: =INDEX(curve_y5,'Metrics'!$E$13) | S13: =INDEX(curve_y6,'Metrics'!$E$13) | T13: =INDEX(curve_y7,'Metrics'!$E$13) | U13: =INDEX(curve_y8,'Metrics'!$E$13) | V13: =IF(ISNUMBER('Metrics'!$B$13),MAX(0,MIN(1,IF('Metrics'!$B$13<='Metrics'!$F$13,'Metrics'!$N$13,IF('Metrics'!$B$13>='Metrics'!$M$13,'Metrics'!$U$13,IF('Metrics'!$B$13<='Metrics'!$G$13,IF('Metrics'!$G$13-'Metrics'!$F$13<=0,'Metrics'!$O$13,'Metrics'!$N$13+('Metrics'!$B$13-'Metrics'!$F$13)/('Metrics'!$G$13-'Metrics'!$F$13)*('Metrics'!$O$13-'Metrics'!$N$13)),IF('Metrics'!$B$13<='Metrics'!$H$13,IF('Metrics'!$H$13-'Metrics'!$G$13<=0,'Metrics'!$P$13,'Metrics'!$O$13+('Metrics'!$B$13-'Metrics'!$G$13)/('Metrics'!$H$13-'Metrics'!$G$13)*('Metrics'!$P$13-'Metrics'!$O$13)),IF('Metrics'!$B$13<='Metrics'!$I$13,IF('Metrics'!$I$13-'Metrics'!$H$13<=0,'Metrics'!$Q$13,'Metrics'!$P$13+('Metrics'!$B$13-'Metrics'!$H$13)/('Metrics'!$I$13-'Metrics'!$H$13)*('Metrics'!$Q$13-'Metrics'!$P$13)),IF('Metrics'!$B$13<='Metrics'!$J$13,IF('Metrics'!$J$13-'Metrics'!$I$13<=0,'Metrics'!$R$13,'Metrics'!$Q$13+('Metrics'!$B$13-'Metrics'!$I$13)/('Metrics'!$J$13-'Metrics'!$I$13)*('Metrics'!$R$13-'Metrics'!$Q$13)),IF('Metrics'!$B$13<='Metrics'!$K$13,IF('Metrics'!$K$13-'Metrics'!$J$13<=0,'Metrics'!$S$13,'Metrics'!$R$13+('Metrics'!$B$13-'Metrics'!$J$13)/('Metrics'!$K$13-'Metrics'!$J$13)*('Metrics'!$S$13-'Metrics'!$R$13)),IF('Metrics'!$B$13<='Metrics'!$L$13,IF('Metrics'!$L$13-'Metrics'!$K$13<=0,'Metrics'!$T$13,'Metrics'!$S$13+('Metrics'!$B$13-'Metrics'!$K$13)/('Metrics'!$L$13-'Metrics'!$K$13)*('Metrics'!$T$13-'Metrics'!$S$13)),IF('Metrics'!$M$13-'Metrics'!$L$13<=0,'Metrics'!$U$13,'Metrics'!$T$13+('Metrics'!$B$13-'Metrics'!$L$13)/('Metrics'!$M$13-'Metrics'!$L$13)*('Metrics'!$U$13-'Metrics'!$T$13)))))))))))),"")
A14: Embeddedness | B14: =IF('DEEP Score'!$E$24="","",'DEEP Score'!$E$24) | C14: ="" | D14: ="spring_phab_xembed|"&'Metrics'!$C$14 | E14: =IFERROR(MATCH('Metrics'!$D$14,curve_key,0),MATCH("spring_phab_xembed|",curve_key,0)) | F14: =INDEX(curve_x1,'Metrics'!$E$14) | G14: =INDEX(curve_x2,'Metrics'!$E$14) | H14: =INDEX(curve_x3,'Metrics'!$E$14) | I14: =INDEX(curve_x4,'Metrics'!$E$14) | J14: =INDEX(curve_x5,'Metrics'!$E$14) | K14: =INDEX(curve_x6,'Metrics'!$E$14) | L14: =INDEX(curve_x7,'Metrics'!$E$14) | M14: =INDEX(curve_x8,'Metrics'!$E$14) | N14: =INDEX(curve_y1,'Metrics'!$E$14) | O14: =INDEX(curve_y2,'Metrics'!$E$14) | P14: =INDEX(curve_y3,'Metrics'!$E$14) | Q14: =INDEX(curve_y4,'Metrics'!$E$14) | R14: =INDEX(curve_y5,'Metrics'!$E$14) | S14: =INDEX(curve_y6,'Metrics'!$E$14) | T14: =INDEX(curve_y7,'Metrics'!$E$14) | U14: =INDEX(curve_y8,'Metrics'!$E$14) | V14: =IF(ISNUMBER('Metrics'!$B$14),MAX(0,MIN(1,IF('Metrics'!$B$14<='Metrics'!$F$14,'Metrics'!$N$14,IF('Metrics'!$B$14>='Metrics'!$M$14,'Metrics'!$U$14,IF('Metrics'!$B$14<='Metrics'!$G$14,IF('Metrics'!$G$14-'Metrics'!$F$14<=0,'Metrics'!$O$14,'Metrics'!$N$14+('Metrics'!$B$14-'Metrics'!$F$14)/('Metrics'!$G$14-'Metrics'!$F$14)*('Metrics'!$O$14-'Metrics'!$N$14)),IF('Metrics'!$B$14<='Metrics'!$H$14,IF('Metrics'!$H$14-'Metrics'!$G$14<=0,'Metrics'!$P$14,'Metrics'!$O$14+('Metrics'!$B$14-'Metrics'!$G$14)/('Metrics'!$H$14-'Metrics'!$G$14)*('Metrics'!$P$14-'Metrics'!$O$14)),IF('Metrics'!$B$14<='Metrics'!$I$14,IF('Metrics'!$I$14-'Metrics'!$H$14<=0,'Metrics'!$Q$14,'Metrics'!$P$14+('Metrics'!$B$14-'Metrics'!$H$14)/('Metrics'!$I$14-'Metrics'!$H$14)*('Metrics'!$Q$14-'Metrics'!$P$14)),IF('Metrics'!$B$14<='Metrics'!$J$14,IF('Metrics'!$J$14-'Metrics'!$I$14<=0,'Metrics'!$R$14,'Metrics'!$Q$14+('Metrics'!$B$14-'Metrics'!$I$14)/('Metrics'!$J$14-'Metrics'!$I$14)*('Metrics'!$R$14-'Metrics'!$Q$14)),IF('Metrics'!$B$14<='Metrics'!$K$14,IF('Metrics'!$K$14-'Metrics'!$J$14<=0,'Metrics'!$S$14,'Metrics'!$R$14+('Metrics'!$B$14-'Metrics'!$J$14)/('Metrics'!$K$14-'Metrics'!$J$14)*('Metrics'!$S$14-'Metrics'!$R$14)),IF('Metrics'!$B$14<='Metrics'!$L$14,IF('Metrics'!$L$14-'Metrics'!$K$14<=0,'Metrics'!$T$14,'Metrics'!$S$14+('Metrics'!$B$14-'Metrics'!$K$14)/('Metrics'!$L$14-'Metrics'!$K$14)*('Metrics'!$T$14-'Metrics'!$S$14)),IF('Metrics'!$M$14-'Metrics'!$L$14<=0,'Metrics'!$U$14,'Metrics'!$T$14+('Metrics'!$B$14-'Metrics'!$L$14)/('Metrics'!$M$14-'Metrics'!$L$14)*('Metrics'!$U$14-'Metrics'!$T$14)))))))))))),"")
A15: Sinuosity | B15: =IF('DEEP Score'!$E$27="","",'DEEP Score'!$E$27) | C15: ="" | D15: ="spring_phab_sinu|"&'Metrics'!$C$15 | E15: =IFERROR(MATCH('Metrics'!$D$15,curve_key,0),MATCH("spring_phab_sinu|",curve_key,0)) | F15: =INDEX(curve_x1,'Metrics'!$E$15) | G15: =INDEX(curve_x2,'Metrics'!$E$15) | H15: =INDEX(curve_x3,'Metrics'!$E$15) | I15: =INDEX(curve_x4,'Metrics'!$E$15) | J15: =INDEX(curve_x5,'Metrics'!$E$15) | K15: =INDEX(curve_x6,'Metrics'!$E$15) | L15: =INDEX(curve_x7,'Metrics'!$E$15) | M15: =INDEX(curve_x8,'Metrics'!$E$15) | N15: =INDEX(curve_y1,'Metrics'!$E$15) | O15: =INDEX(curve_y2,'Metrics'!$E$15) | P15: =INDEX(curve_y3,'Metrics'!$E$15) | Q15: =INDEX(curve_y4,'Metrics'!$E$15) | R15: =INDEX(curve_y5,'Metrics'!$E$15) | S15: =INDEX(curve_y6,'Metrics'!$E$15) | T15: =INDEX(curve_y7,'Metrics'!$E$15) | U15: =INDEX(curve_y8,'Metrics'!$E$15) | V15: =IF(ISNUMBER('Metrics'!$B$15),MAX(0,MIN(1,IF('Metrics'!$B$15<='Metrics'!$F$15,'Metrics'!$N$15,IF('Metrics'!$B$15>='Metrics'!$M$15,'Metrics'!$U$15,IF('Metrics'!$B$15<='Metrics'!$G$15,IF('Metrics'!$G$15-'Metrics'!$F$15<=0,'Metrics'!$O$15,'Metrics'!$N$15+('Metrics'!$B$15-'Metrics'!$F$15)/('Metrics'!$G$15-'Metrics'!$F$15)*('Metrics'!$O$15-'Metrics'!$N$15)),IF('Metrics'!$B$15<='Metrics'!$H$15,IF('Metrics'!$H$15-'Metrics'!$G$15<=0,'Metrics'!$P$15,'Metrics'!$O$15+('Metrics'!$B$15-'Metrics'!$G$15)/('Metrics'!$H$15-'Metrics'!$G$15)*('Metrics'!$P$15-'Metrics'!$O$15)),IF('Metrics'!$B$15<='Metrics'!$I$15,IF('Metrics'!$I$15-'Metrics'!$H$15<=0,'Metrics'!$Q$15,'Metrics'!$P$15+('Metrics'!$B$15-'Metrics'!$H$15)/('Metrics'!$I$15-'Metrics'!$H$15)*('Metrics'!$Q$15-'Metrics'!$P$15)),IF('Metrics'!$B$15<='Metrics'!$J$15,IF('Metrics'!$J$15-'Metrics'!$I$15<=0,'Metrics'!$R$15,'Metrics'!$Q$15+('Metrics'!$B$15-'Metrics'!$I$15)/('Metrics'!$J$15-'Metrics'!$I$15)*('Metrics'!$R$15-'Metrics'!$Q$15)),IF('Metrics'!$B$15<='Metrics'!$K$15,IF('Metrics'!$K$15-'Metrics'!$J$15<=0,'Metrics'!$S$15,'Metrics'!$R$15+('Metrics'!$B$15-'Metrics'!$J$15)/('Metrics'!$K$15-'Metrics'!$J$15)*('Metrics'!$S$15-'Metrics'!$R$15)),IF('Metrics'!$B$15<='Metrics'!$L$15,IF('Metrics'!$L$15-'Metrics'!$K$15<=0,'Metrics'!$T$15,'Metrics'!$S$15+('Metrics'!$B$15-'Metrics'!$K$15)/('Metrics'!$L$15-'Metrics'!$K$15)*('Metrics'!$T$15-'Metrics'!$S$15)),IF('Metrics'!$M$15-'Metrics'!$L$15<=0,'Metrics'!$U$15,'Metrics'!$T$15+('Metrics'!$B$15-'Metrics'!$L$15)/('Metrics'!$M$15-'Metrics'!$L$15)*('Metrics'!$U$15-'Metrics'!$T$15)))))))))))),"")
A16: Bank angle | B16: =IF('DEEP Score'!$E$28="","",'DEEP Score'!$E$28) | C16: ="" | D16: ="spring_phab_xbka|"&'Metrics'!$C$16 | E16: =IFERROR(MATCH('Metrics'!$D$16,curve_key,0),MATCH("spring_phab_xbka|",curve_key,0)) | F16: =INDEX(curve_x1,'Metrics'!$E$16) | G16: =INDEX(curve_x2,'Metrics'!$E$16) | H16: =INDEX(curve_x3,'Metrics'!$E$16) | I16: =INDEX(curve_x4,'Metrics'!$E$16) | J16: =INDEX(curve_x5,'Metrics'!$E$16) | K16: =INDEX(curve_x6,'Metrics'!$E$16) | L16: =INDEX(curve_x7,'Metrics'!$E$16) | M16: =INDEX(curve_x8,'Metrics'!$E$16) | N16: =INDEX(curve_y1,'Metrics'!$E$16) | O16: =INDEX(curve_y2,'Metrics'!$E$16) | P16: =INDEX(curve_y3,'Metrics'!$E$16) | Q16: =INDEX(curve_y4,'Metrics'!$E$16) | R16: =INDEX(curve_y5,'Metrics'!$E$16) | S16: =INDEX(curve_y6,'Metrics'!$E$16) | T16: =INDEX(curve_y7,'Metrics'!$E$16) | U16: =INDEX(curve_y8,'Metrics'!$E$16) | V16: =IF(ISNUMBER('Metrics'!$B$16),MAX(0,MIN(1,IF('Metrics'!$B$16<='Metrics'!$F$16,'Metrics'!$N$16,IF('Metrics'!$B$16>='Metrics'!$M$16,'Metrics'!$U$16,IF('Metrics'!$B$16<='Metrics'!$G$16,IF('Metrics'!$G$16-'Metrics'!$F$16<=0,'Metrics'!$O$16,'Metrics'!$N$16+('Metrics'!$B$16-'Metrics'!$F$16)/('Metrics'!$G$16-'Metrics'!$F$16)*('Metrics'!$O$16-'Metrics'!$N$16)),IF('Metrics'!$B$16<='Metrics'!$H$16,IF('Metrics'!$H$16-'Metrics'!$G$16<=0,'Metrics'!$P$16,'Metrics'!$O$16+('Metrics'!$B$16-'Metrics'!$G$16)/('Metrics'!$H$16-'Metrics'!$G$16)*('Metrics'!$P$16-'Metrics'!$O$16)),IF('Metrics'!$B$16<='Metrics'!$I$16,IF('Metrics'!$I$16-'Metrics'!$H$16<=0,'Metrics'!$Q$16,'Metrics'!$P$16+('Metrics'!$B$16-'Metrics'!$H$16)/('Metrics'!$I$16-'Metrics'!$H$16)*('Metrics'!$Q$16-'Metrics'!$P$16)),IF('Metrics'!$B$16<='Metrics'!$J$16,IF('Metrics'!$J$16-'Metrics'!$I$16<=0,'Metrics'!$R$16,'Metrics'!$Q$16+('Metrics'!$B$16-'Metrics'!$I$16)/('Metrics'!$J$16-'Metrics'!$I$16)*('Metrics'!$R$16-'Metrics'!$Q$16)),IF('Metrics'!$B$16<='Metrics'!$K$16,IF('Metrics'!$K$16-'Metrics'!$J$16<=0,'Metrics'!$S$16,'Metrics'!$R$16+('Metrics'!$B$16-'Metrics'!$J$16)/('Metrics'!$K$16-'Metrics'!$J$16)*('Metrics'!$S$16-'Metrics'!$R$16)),IF('Metrics'!$B$16<='Metrics'!$L$16,IF('Metrics'!$L$16-'Metrics'!$K$16<=0,'Metrics'!$T$16,'Metrics'!$S$16+('Metrics'!$B$16-'Metrics'!$K$16)/('Metrics'!$L$16-'Metrics'!$K$16)*('Metrics'!$T$16-'Metrics'!$S$16)),IF('Metrics'!$M$16-'Metrics'!$L$16<=0,'Metrics'!$U$16,'Metrics'!$T$16+('Metrics'!$B$16-'Metrics'!$L$16)/('Metrics'!$M$16-'Metrics'!$L$16)*('Metrics'!$U$16-'Metrics'!$T$16)))))))))))),"")
A17: Relative bed stability | B17: =IF('DEEP Score'!$E$29="","",'DEEP Score'!$E$29) | C17: ="" | D17: ="spring_phab_lrbs_use|"&'Metrics'!$C$17 | E17: =IFERROR(MATCH('Metrics'!$D$17,curve_key,0),MATCH("spring_phab_lrbs_use|",curve_key,0)) | F17: =INDEX(curve_x1,'Metrics'!$E$17) | G17: =INDEX(curve_x2,'Metrics'!$E$17) | H17: =INDEX(curve_x3,'Metrics'!$E$17) | I17: =INDEX(curve_x4,'Metrics'!$E$17) | J17: =INDEX(curve_x5,'Metrics'!$E$17) | K17: =INDEX(curve_x6,'Metrics'!$E$17) | L17: =INDEX(curve_x7,'Metrics'!$E$17) | M17: =INDEX(curve_x8,'Metrics'!$E$17) | N17: =INDEX(curve_y1,'Metrics'!$E$17) | O17: =INDEX(curve_y2,'Metrics'!$E$17) | P17: =INDEX(curve_y3,'Metrics'!$E$17) | Q17: =INDEX(curve_y4,'Metrics'!$E$17) | R17: =INDEX(curve_y5,'Metrics'!$E$17) | S17: =INDEX(curve_y6,'Metrics'!$E$17) | T17: =INDEX(curve_y7,'Metrics'!$E$17) | U17: =INDEX(curve_y8,'Metrics'!$E$17) | V17: =IF(ISNUMBER('Metrics'!$B$17),MAX(0,MIN(1,IF('Metrics'!$B$17<='Metrics'!$F$17,'Metrics'!$N$17,IF('Metrics'!$B$17>='Metrics'!$M$17,'Metrics'!$U$17,IF('Metrics'!$B$17<='Metrics'!$G$17,IF('Metrics'!$G$17-'Metrics'!$F$17<=0,'Metrics'!$O$17,'Metrics'!$N$17+('Metrics'!$B$17-'Metrics'!$F$17)/('Metrics'!$G$17-'Metrics'!$F$17)*('Metrics'!$O$17-'Metrics'!$N$17)),IF('Metrics'!$B$17<='Metrics'!$H$17,IF('Metrics'!$H$17-'Metrics'!$G$17<=0,'Metrics'!$P$17,'Metrics'!$O$17+('Metrics'!$B$17-'Metrics'!$G$17)/('Metrics'!$H$17-'Metrics'!$G$17)*('Metrics'!$P$17-'Metrics'!$O$17)),IF('Metrics'!$B$17<='Metrics'!$I$17,IF('Metrics'!$I$17-'Metrics'!$H$17<=0,'Metrics'!$Q$17,'Metrics'!$P$17+('Metrics'!$B$17-'Metrics'!$H$17)/('Metrics'!$I$17-'Metrics'!$H$17)*('Metrics'!$Q$17-'Metrics'!$P$17)),IF('Metrics'!$B$17<='Metrics'!$J$17,IF('Metrics'!$J$17-'Metrics'!$I$17<=0,'Metrics'!$R$17,'Metrics'!$Q$17+('Metrics'!$B$17-'Metrics'!$I$17)/('Metrics'!$J$17-'Metrics'!$I$17)*('Metrics'!$R$17-'Metrics'!$Q$17)),IF('Metrics'!$B$17<='Metrics'!$K$17,IF('Metrics'!$K$17-'Metrics'!$J$17<=0,'Metrics'!$S$17,'Metrics'!$R$17+('Metrics'!$B$17-'Metrics'!$J$17)/('Metrics'!$K$17-'Metrics'!$J$17)*('Metrics'!$S$17-'Metrics'!$R$17)),IF('Metrics'!$B$17<='Metrics'!$L$17,IF('Metrics'!$L$17-'Metrics'!$K$17<=0,'Metrics'!$T$17,'Metrics'!$S$17+('Metrics'!$B$17-'Metrics'!$K$17)/('Metrics'!$L$17-'Metrics'!$K$17)*('Metrics'!$T$17-'Metrics'!$S$17)),IF('Metrics'!$M$17-'Metrics'!$L$17<=0,'Metrics'!$U$17,'Metrics'!$T$17+('Metrics'!$B$17-'Metrics'!$L$17)/('Metrics'!$M$17-'Metrics'!$L$17)*('Metrics'!$U$17-'Metrics'!$T$17)))))))))))),"")
A18: Large wood volume | B18: =IF('DEEP Score'!$E$31="","",'DEEP Score'!$E$31) | C18: ="" | D18: ="spring_phab_lwdeqvolm100|"&'Metrics'!$C$18 | E18: =IFERROR(MATCH('Metrics'!$D$18,curve_key,0),MATCH("spring_phab_lwdeqvolm100|",curve_key,0)) | F18: =INDEX(curve_x1,'Metrics'!$E$18) | G18: =INDEX(curve_x2,'Metrics'!$E$18) | H18: =INDEX(curve_x3,'Metrics'!$E$18) | I18: =INDEX(curve_x4,'Metrics'!$E$18) | J18: =INDEX(curve_x5,'Metrics'!$E$18) | K18: =INDEX(curve_x6,'Metrics'!$E$18) | L18: =INDEX(curve_x7,'Metrics'!$E$18) | M18: =INDEX(curve_x8,'Metrics'!$E$18) | N18: =INDEX(curve_y1,'Metrics'!$E$18) | O18: =INDEX(curve_y2,'Metrics'!$E$18) | P18: =INDEX(curve_y3,'Metrics'!$E$18) | Q18: =INDEX(curve_y4,'Metrics'!$E$18) | R18: =INDEX(curve_y5,'Metrics'!$E$18) | S18: =INDEX(curve_y6,'Metrics'!$E$18) | T18: =INDEX(curve_y7,'Metrics'!$E$18) | U18: =INDEX(curve_y8,'Metrics'!$E$18) | V18: =IF(ISNUMBER('Metrics'!$B$18),MAX(0,MIN(1,IF('Metrics'!$B$18<='Metrics'!$F$18,'Metrics'!$N$18,IF('Metrics'!$B$18>='Metrics'!$M$18,'Metrics'!$U$18,IF('Metrics'!$B$18<='Metrics'!$G$18,IF('Metrics'!$G$18-'Metrics'!$F$18<=0,'Metrics'!$O$18,'Metrics'!$N$18+('Metrics'!$B$18-'Metrics'!$F$18)/('Metrics'!$G$18-'Metrics'!$F$18)*('Metrics'!$O$18-'Metrics'!$N$18)),IF('Metrics'!$B$18<='Metrics'!$H$18,IF('Metrics'!$H$18-'Metrics'!$G$18<=0,'Metrics'!$P$18,'Metrics'!$O$18+('Metrics'!$B$18-'Metrics'!$G$18)/('Metrics'!$H$18-'Metrics'!$G$18)*('Metrics'!$P$18-'Metrics'!$O$18)),IF('Metrics'!$B$18<='Metrics'!$I$18,IF('Metrics'!$I$18-'Metrics'!$H$18<=0,'Metrics'!$Q$18,'Metrics'!$P$18+('Metrics'!$B$18-'Metrics'!$H$18)/('Metrics'!$I$18-'Metrics'!$H$18)*('Metrics'!$Q$18-'Metrics'!$P$18)),IF('Metrics'!$B$18<='Metrics'!$J$18,IF('Metrics'!$J$18-'Metrics'!$I$18<=0,'Metrics'!$R$18,'Metrics'!$Q$18+('Metrics'!$B$18-'Metrics'!$I$18)/('Metrics'!$J$18-'Metrics'!$I$18)*('Metrics'!$R$18-'Metrics'!$Q$18)),IF('Metrics'!$B$18<='Metrics'!$K$18,IF('Metrics'!$K$18-'Metrics'!$J$18<=0,'Metrics'!$S$18,'Metrics'!$R$18+('Metrics'!$B$18-'Metrics'!$J$18)/('Metrics'!$K$18-'Metrics'!$J$18)*('Metrics'!$S$18-'Metrics'!$R$18)),IF('Metrics'!$B$18<='Metrics'!$L$18,IF('Metrics'!$L$18-'Metrics'!$K$18<=0,'Metrics'!$T$18,'Metrics'!$S$18+('Metrics'!$B$18-'Metrics'!$K$18)/('Metrics'!$L$18-'Metrics'!$K$18)*('Metrics'!$T$18-'Metrics'!$S$18)),IF('Metrics'!$M$18-'Metrics'!$L$18<=0,'Metrics'!$U$18,'Metrics'!$T$18+('Metrics'!$B$18-'Metrics'!$L$18)/('Metrics'!$M$18-'Metrics'!$L$18)*('Metrics'!$U$18-'Metrics'!$T$18)))))))))))),"")
A19: Chlorophyll a | B19: =IF('DEEP Score'!$E$33="","",'DEEP Score'!$E$33) | C19: ="" | D19: ="spring_chem_chla|"&'Metrics'!$C$19 | E19: =IFERROR(MATCH('Metrics'!$D$19,curve_key,0),MATCH("spring_chem_chla|",curve_key,0)) | F19: =INDEX(curve_x1,'Metrics'!$E$19) | G19: =INDEX(curve_x2,'Metrics'!$E$19) | H19: =INDEX(curve_x3,'Metrics'!$E$19) | I19: =INDEX(curve_x4,'Metrics'!$E$19) | J19: =INDEX(curve_x5,'Metrics'!$E$19) | K19: =INDEX(curve_x6,'Metrics'!$E$19) | L19: =INDEX(curve_x7,'Metrics'!$E$19) | M19: =INDEX(curve_x8,'Metrics'!$E$19) | N19: =INDEX(curve_y1,'Metrics'!$E$19) | O19: =INDEX(curve_y2,'Metrics'!$E$19) | P19: =INDEX(curve_y3,'Metrics'!$E$19) | Q19: =INDEX(curve_y4,'Metrics'!$E$19) | R19: =INDEX(curve_y5,'Metrics'!$E$19) | S19: =INDEX(curve_y6,'Metrics'!$E$19) | T19: =INDEX(curve_y7,'Metrics'!$E$19) | U19: =INDEX(curve_y8,'Metrics'!$E$19) | V19: =IF(ISNUMBER('Metrics'!$B$19),MAX(0,MIN(1,IF('Metrics'!$B$19<='Metrics'!$F$19,'Metrics'!$N$19,IF('Metrics'!$B$19>='Metrics'!$M$19,'Metrics'!$U$19,IF('Metrics'!$B$19<='Metrics'!$G$19,IF('Metrics'!$G$19-'Metrics'!$F$19<=0,'Metrics'!$O$19,'Metrics'!$N$19+('Metrics'!$B$19-'Metrics'!$F$19)/('Metrics'!$G$19-'Metrics'!$F$19)*('Metrics'!$O$19-'Metrics'!$N$19)),IF('Metrics'!$B$19<='Metrics'!$H$19,IF('Metrics'!$H$19-'Metrics'!$G$19<=0,'Metrics'!$P$19,'Metrics'!$O$19+('Metrics'!$B$19-'Metrics'!$G$19)/('Metrics'!$H$19-'Metrics'!$G$19)*('Metrics'!$P$19-'Metrics'!$O$19)),IF('Metrics'!$B$19<='Metrics'!$I$19,IF('Metrics'!$I$19-'Metrics'!$H$19<=0,'Metrics'!$Q$19,'Metrics'!$P$19+('Metrics'!$B$19-'Metrics'!$H$19)/('Metrics'!$I$19-'Metrics'!$H$19)*('Metrics'!$Q$19-'Metrics'!$P$19)),IF('Metrics'!$B$19<='Metrics'!$J$19,IF('Metrics'!$J$19-'Metrics'!$I$19<=0,'Metrics'!$R$19,'Metrics'!$Q$19+('Metrics'!$B$19-'Metrics'!$I$19)/('Metrics'!$J$19-'Metrics'!$I$19)*('Metrics'!$R$19-'Metrics'!$Q$19)),IF('Metrics'!$B$19<='Metrics'!$K$19,IF('Metrics'!$K$19-'Metrics'!$J$19<=0,'Metrics'!$S$19,'Metrics'!$R$19+('Metrics'!$B$19-'Metrics'!$J$19)/('Metrics'!$K$19-'Metrics'!$J$19)*('Metrics'!$S$19-'Metrics'!$R$19)),IF('Metrics'!$B$19<='Metrics'!$L$19,IF('Metrics'!$L$19-'Metrics'!$K$19<=0,'Metrics'!$T$19,'Metrics'!$S$19+('Metrics'!$B$19-'Metrics'!$K$19)/('Metrics'!$L$19-'Metrics'!$K$19)*('Metrics'!$T$19-'Metrics'!$S$19)),IF('Metrics'!$M$19-'Metrics'!$L$19<=0,'Metrics'!$U$19,'Metrics'!$T$19+('Metrics'!$B$19-'Metrics'!$L$19)/('Metrics'!$M$19-'Metrics'!$L$19)*('Metrics'!$U$19-'Metrics'!$T$19)))))))))))),"")
A20: Canopy density, mid-channel | B20: =IF('DEEP Score'!$E$34="","",'DEEP Score'!$E$34) | C20: ="" | D20: ="spring_phab_xcdenmid|"&'Metrics'!$C$20 | E20: =IFERROR(MATCH('Metrics'!$D$20,curve_key,0),MATCH("spring_phab_xcdenmid|",curve_key,0)) | F20: =INDEX(curve_x1,'Metrics'!$E$20) | G20: =INDEX(curve_x2,'Metrics'!$E$20) | H20: =INDEX(curve_x3,'Metrics'!$E$20) | I20: =INDEX(curve_x4,'Metrics'!$E$20) | J20: =INDEX(curve_x5,'Metrics'!$E$20) | K20: =INDEX(curve_x6,'Metrics'!$E$20) | L20: =INDEX(curve_x7,'Metrics'!$E$20) | M20: =INDEX(curve_x8,'Metrics'!$E$20) | N20: =INDEX(curve_y1,'Metrics'!$E$20) | O20: =INDEX(curve_y2,'Metrics'!$E$20) | P20: =INDEX(curve_y3,'Metrics'!$E$20) | Q20: =INDEX(curve_y4,'Metrics'!$E$20) | R20: =INDEX(curve_y5,'Metrics'!$E$20) | S20: =INDEX(curve_y6,'Metrics'!$E$20) | T20: =INDEX(curve_y7,'Metrics'!$E$20) | U20: =INDEX(curve_y8,'Metrics'!$E$20) | V20: =IF(ISNUMBER('Metrics'!$B$20),MAX(0,MIN(1,IF('Metrics'!$B$20<='Metrics'!$F$20,'Metrics'!$N$20,IF('Metrics'!$B$20>='Metrics'!$M$20,'Metrics'!$U$20,IF('Metrics'!$B$20<='Metrics'!$G$20,IF('Metrics'!$G$20-'Metrics'!$F$20<=0,'Metrics'!$O$20,'Metrics'!$N$20+('Metrics'!$B$20-'Metrics'!$F$20)/('Metrics'!$G$20-'Metrics'!$F$20)*('Metrics'!$O$20-'Metrics'!$N$20)),IF('Metrics'!$B$20<='Metrics'!$H$20,IF('Metrics'!$H$20-'Metrics'!$G$20<=0,'Metrics'!$P$20,'Metrics'!$O$20+('Metrics'!$B$20-'Metrics'!$G$20)/('Metrics'!$H$20-'Metrics'!$G$20)*('Metrics'!$P$20-'Metrics'!$O$20)),IF('Metrics'!$B$20<='Metrics'!$I$20,IF('Metrics'!$I$20-'Metrics'!$H$20<=0,'Metrics'!$Q$20,'Metrics'!$P$20+('Metrics'!$B$20-'Metrics'!$H$20)/('Metrics'!$I$20-'Metrics'!$H$20)*('Metrics'!$Q$20-'Metrics'!$P$20)),IF('Metrics'!$B$20<='Metrics'!$J$20,IF('Metrics'!$J$20-'Metrics'!$I$20<=0,'Metrics'!$R$20,'Metrics'!$Q$20+('Metrics'!$B$20-'Metrics'!$I$20)/('Metrics'!$J$20-'Metrics'!$I$20)*('Metrics'!$R$20-'Metrics'!$Q$20)),IF('Metrics'!$B$20<='Metrics'!$K$20,IF('Metrics'!$K$20-'Metrics'!$J$20<=0,'Metrics'!$S$20,'Metrics'!$R$20+('Metrics'!$B$20-'Metrics'!$J$20)/('Metrics'!$K$20-'Metrics'!$J$20)*('Metrics'!$S$20-'Metrics'!$R$20)),IF('Metrics'!$B$20<='Metrics'!$L$20,IF('Metrics'!$L$20-'Metrics'!$K$20<=0,'Metrics'!$T$20,'Metrics'!$S$20+('Metrics'!$B$20-'Metrics'!$K$20)/('Metrics'!$L$20-'Metrics'!$K$20)*('Metrics'!$T$20-'Metrics'!$S$20)),IF('Metrics'!$M$20-'Metrics'!$L$20<=0,'Metrics'!$U$20,'Metrics'!$T$20+('Metrics'!$B$20-'Metrics'!$L$20)/('Metrics'!$M$20-'Metrics'!$L$20)*('Metrics'!$U$20-'Metrics'!$T$20)))))))))))),"")
A21: Riparian veg cover, woody | B21: =IF('DEEP Score'!$E$35="","",'DEEP Score'!$E$35) | C21: ="" | D21: ="spring_phab_xcmgw|"&'Metrics'!$C$21 | E21: =IFERROR(MATCH('Metrics'!$D$21,curve_key,0),MATCH("spring_phab_xcmgw|",curve_key,0)) | F21: =INDEX(curve_x1,'Metrics'!$E$21) | G21: =INDEX(curve_x2,'Metrics'!$E$21) | H21: =INDEX(curve_x3,'Metrics'!$E$21) | I21: =INDEX(curve_x4,'Metrics'!$E$21) | J21: =INDEX(curve_x5,'Metrics'!$E$21) | K21: =INDEX(curve_x6,'Metrics'!$E$21) | L21: =INDEX(curve_x7,'Metrics'!$E$21) | M21: =INDEX(curve_x8,'Metrics'!$E$21) | N21: =INDEX(curve_y1,'Metrics'!$E$21) | O21: =INDEX(curve_y2,'Metrics'!$E$21) | P21: =INDEX(curve_y3,'Metrics'!$E$21) | Q21: =INDEX(curve_y4,'Metrics'!$E$21) | R21: =INDEX(curve_y5,'Metrics'!$E$21) | S21: =INDEX(curve_y6,'Metrics'!$E$21) | T21: =INDEX(curve_y7,'Metrics'!$E$21) | U21: =INDEX(curve_y8,'Metrics'!$E$21) | V21: =IF(ISNUMBER('Metrics'!$B$21),MAX(0,MIN(1,IF('Metrics'!$B$21<='Metrics'!$F$21,'Metrics'!$N$21,IF('Metrics'!$B$21>='Metrics'!$M$21,'Metrics'!$U$21,IF('Metrics'!$B$21<='Metrics'!$G$21,IF('Metrics'!$G$21-'Metrics'!$F$21<=0,'Metrics'!$O$21,'Metrics'!$N$21+('Metrics'!$B$21-'Metrics'!$F$21)/('Metrics'!$G$21-'Metrics'!$F$21)*('Metrics'!$O$21-'Metrics'!$N$21)),IF('Metrics'!$B$21<='Metrics'!$H$21,IF('Metrics'!$H$21-'Metrics'!$G$21<=0,'Metrics'!$P$21,'Metrics'!$O$21+('Metrics'!$B$21-'Metrics'!$G$21)/('Metrics'!$H$21-'Metrics'!$G$21)*('Metrics'!$P$21-'Metrics'!$O$21)),IF('Metrics'!$B$21<='Metrics'!$I$21,IF('Metrics'!$I$21-'Metrics'!$H$21<=0,'Metrics'!$Q$21,'Metrics'!$P$21+('Metrics'!$B$21-'Metrics'!$H$21)/('Metrics'!$I$21-'Metrics'!$H$21)*('Metrics'!$Q$21-'Metrics'!$P$21)),IF('Metrics'!$B$21<='Metrics'!$J$21,IF('Metrics'!$J$21-'Metrics'!$I$21<=0,'Metrics'!$R$21,'Metrics'!$Q$21+('Metrics'!$B$21-'Metrics'!$I$21)/('Metrics'!$J$21-'Metrics'!$I$21)*('Metrics'!$R$21-'Metrics'!$Q$21)),IF('Metrics'!$B$21<='Metrics'!$K$21,IF('Metrics'!$K$21-'Metrics'!$J$21<=0,'Metrics'!$S$21,'Metrics'!$R$21+('Metrics'!$B$21-'Metrics'!$J$21)/('Metrics'!$K$21-'Metrics'!$J$21)*('Metrics'!$S$21-'Metrics'!$R$21)),IF('Metrics'!$B$21<='Metrics'!$L$21,IF('Metrics'!$L$21-'Metrics'!$K$21<=0,'Metrics'!$T$21,'Metrics'!$S$21+('Metrics'!$B$21-'Metrics'!$K$21)/('Metrics'!$L$21-'Metrics'!$K$21)*('Metrics'!$T$21-'Metrics'!$S$21)),IF('Metrics'!$M$21-'Metrics'!$L$21<=0,'Metrics'!$U$21,'Metrics'!$T$21+('Metrics'!$B$21-'Metrics'!$L$21)/('Metrics'!$M$21-'Metrics'!$L$21)*('Metrics'!$U$21-'Metrics'!$T$21)))))))))))),"")
A22: Total nitrogen | B22: =IF('DEEP Score'!$E$36="","",'DEEP Score'!$E$36) | C22: ="" | D22: ="spring_chem_ntl|"&'Metrics'!$C$22 | E22: =IFERROR(MATCH('Metrics'!$D$22,curve_key,0),MATCH("spring_chem_ntl|",curve_key,0)) | F22: =INDEX(curve_x1,'Metrics'!$E$22) | G22: =INDEX(curve_x2,'Metrics'!$E$22) | H22: =INDEX(curve_x3,'Metrics'!$E$22) | I22: =INDEX(curve_x4,'Metrics'!$E$22) | J22: =INDEX(curve_x5,'Metrics'!$E$22) | K22: =INDEX(curve_x6,'Metrics'!$E$22) | L22: =INDEX(curve_x7,'Metrics'!$E$22) | M22: =INDEX(curve_x8,'Metrics'!$E$22) | N22: =INDEX(curve_y1,'Metrics'!$E$22) | O22: =INDEX(curve_y2,'Metrics'!$E$22) | P22: =INDEX(curve_y3,'Metrics'!$E$22) | Q22: =INDEX(curve_y4,'Metrics'!$E$22) | R22: =INDEX(curve_y5,'Metrics'!$E$22) | S22: =INDEX(curve_y6,'Metrics'!$E$22) | T22: =INDEX(curve_y7,'Metrics'!$E$22) | U22: =INDEX(curve_y8,'Metrics'!$E$22) | V22: =IF(ISNUMBER('Metrics'!$B$22),MAX(0,MIN(1,IF('Metrics'!$B$22<='Metrics'!$F$22,'Metrics'!$N$22,IF('Metrics'!$B$22>='Metrics'!$M$22,'Metrics'!$U$22,IF('Metrics'!$B$22<='Metrics'!$G$22,IF('Metrics'!$G$22-'Metrics'!$F$22<=0,'Metrics'!$O$22,'Metrics'!$N$22+('Metrics'!$B$22-'Metrics'!$F$22)/('Metrics'!$G$22-'Metrics'!$F$22)*('Metrics'!$O$22-'Metrics'!$N$22)),IF('Metrics'!$B$22<='Metrics'!$H$22,IF('Metrics'!$H$22-'Metrics'!$G$22<=0,'Metrics'!$P$22,'Metrics'!$O$22+('Metrics'!$B$22-'Metrics'!$G$22)/('Metrics'!$H$22-'Metrics'!$G$22)*('Metrics'!$P$22-'Metrics'!$O$22)),IF('Metrics'!$B$22<='Metrics'!$I$22,IF('Metrics'!$I$22-'Metrics'!$H$22<=0,'Metrics'!$Q$22,'Metrics'!$P$22+('Metrics'!$B$22-'Metrics'!$H$22)/('Metrics'!$I$22-'Metrics'!$H$22)*('Metrics'!$Q$22-'Metrics'!$P$22)),IF('Metrics'!$B$22<='Metrics'!$J$22,IF('Metrics'!$J$22-'Metrics'!$I$22<=0,'Metrics'!$R$22,'Metrics'!$Q$22+('Metrics'!$B$22-'Metrics'!$I$22)/('Metrics'!$J$22-'Metrics'!$I$22)*('Metrics'!$R$22-'Metrics'!$Q$22)),IF('Metrics'!$B$22<='Metrics'!$K$22,IF('Metrics'!$K$22-'Metrics'!$J$22<=0,'Metrics'!$S$22,'Metrics'!$R$22+('Metrics'!$B$22-'Metrics'!$J$22)/('Metrics'!$K$22-'Metrics'!$J$22)*('Metrics'!$S$22-'Metrics'!$R$22)),IF('Metrics'!$B$22<='Metrics'!$L$22,IF('Metrics'!$L$22-'Metrics'!$K$22<=0,'Metrics'!$T$22,'Metrics'!$S$22+('Metrics'!$B$22-'Metrics'!$K$22)/('Metrics'!$L$22-'Metrics'!$K$22)*('Metrics'!$T$22-'Metrics'!$S$22)),IF('Metrics'!$M$22-'Metrics'!$L$22<=0,'Metrics'!$U$22,'Metrics'!$T$22+('Metrics'!$B$22-'Metrics'!$L$22)/('Metrics'!$M$22-'Metrics'!$L$22)*('Metrics'!$U$22-'Metrics'!$T$22)))))))))))),"")
A23: Total phosphorus | B23: =IF('DEEP Score'!$E$37="","",'DEEP Score'!$E$37) | C23: ="" | D23: ="spring_chem_ptl|"&'Metrics'!$C$23 | E23: =IFERROR(MATCH('Metrics'!$D$23,curve_key,0),MATCH("spring_chem_ptl|",curve_key,0)) | F23: =INDEX(curve_x1,'Metrics'!$E$23) | G23: =INDEX(curve_x2,'Metrics'!$E$23) | H23: =INDEX(curve_x3,'Metrics'!$E$23) | I23: =INDEX(curve_x4,'Metrics'!$E$23) | J23: =INDEX(curve_x5,'Metrics'!$E$23) | K23: =INDEX(curve_x6,'Metrics'!$E$23) | L23: =INDEX(curve_x7,'Metrics'!$E$23) | M23: =INDEX(curve_x8,'Metrics'!$E$23) | N23: =INDEX(curve_y1,'Metrics'!$E$23) | O23: =INDEX(curve_y2,'Metrics'!$E$23) | P23: =INDEX(curve_y3,'Metrics'!$E$23) | Q23: =INDEX(curve_y4,'Metrics'!$E$23) | R23: =INDEX(curve_y5,'Metrics'!$E$23) | S23: =INDEX(curve_y6,'Metrics'!$E$23) | T23: =INDEX(curve_y7,'Metrics'!$E$23) | U23: =INDEX(curve_y8,'Metrics'!$E$23) | V23: =IF(ISNUMBER('Metrics'!$B$23),MAX(0,MIN(1,IF('Metrics'!$B$23<='Metrics'!$F$23,'Metrics'!$N$23,IF('Metrics'!$B$23>='Metrics'!$M$23,'Metrics'!$U$23,IF('Metrics'!$B$23<='Metrics'!$G$23,IF('Metrics'!$G$23-'Metrics'!$F$23<=0,'Metrics'!$O$23,'Metrics'!$N$23+('Metrics'!$B$23-'Metrics'!$F$23)/('Metrics'!$G$23-'Metrics'!$F$23)*('Metrics'!$O$23-'Metrics'!$N$23)),IF('Metrics'!$B$23<='Metrics'!$H$23,IF('Metrics'!$H$23-'Metrics'!$G$23<=0,'Metrics'!$P$23,'Metrics'!$O$23+('Metrics'!$B$23-'Metrics'!$G$23)/('Metrics'!$H$23-'Metrics'!$G$23)*('Metrics'!$P$23-'Metrics'!$O$23)),IF('Metrics'!$B$23<='Metrics'!$I$23,IF('Metrics'!$I$23-'Metrics'!$H$23<=0,'Metrics'!$Q$23,'Metrics'!$P$23+('Metrics'!$B$23-'Metrics'!$H$23)/('Metrics'!$I$23-'Metrics'!$H$23)*('Metrics'!$Q$23-'Metrics'!$P$23)),IF('Metrics'!$B$23<='Metrics'!$J$23,IF('Metrics'!$J$23-'Metrics'!$I$23<=0,'Metrics'!$R$23,'Metrics'!$Q$23+('Metrics'!$B$23-'Metrics'!$I$23)/('Metrics'!$J$23-'Metrics'!$I$23)*('Metrics'!$R$23-'Metrics'!$Q$23)),IF('Metrics'!$B$23<='Metrics'!$K$23,IF('Metrics'!$K$23-'Metrics'!$J$23<=0,'Metrics'!$S$23,'Metrics'!$R$23+('Metrics'!$B$23-'Metrics'!$J$23)/('Metrics'!$K$23-'Metrics'!$J$23)*('Metrics'!$S$23-'Metrics'!$R$23)),IF('Metrics'!$B$23<='Metrics'!$L$23,IF('Metrics'!$L$23-'Metrics'!$K$23<=0,'Metrics'!$T$23,'Metrics'!$S$23+('Metrics'!$B$23-'Metrics'!$K$23)/('Metrics'!$L$23-'Metrics'!$K$23)*('Metrics'!$T$23-'Metrics'!$S$23)),IF('Metrics'!$M$23-'Metrics'!$L$23<=0,'Metrics'!$U$23,'Metrics'!$T$23+('Metrics'!$B$23-'Metrics'!$L$23)/('Metrics'!$M$23-'Metrics'!$L$23)*('Metrics'!$U$23-'Metrics'!$T$23)))))))))))),"")
A24: Specific conductivity | B24: =IF('DEEP Score'!$E$38="","",'DEEP Score'!$E$38) | C24: ="" | D24: ="spring_chem_cond|"&'Metrics'!$C$24 | E24: =IFERROR(MATCH('Metrics'!$D$24,curve_key,0),MATCH("spring_chem_cond|",curve_key,0)) | F24: =INDEX(curve_x1,'Metrics'!$E$24) | G24: =INDEX(curve_x2,'Metrics'!$E$24) | H24: =INDEX(curve_x3,'Metrics'!$E$24) | I24: =INDEX(curve_x4,'Metrics'!$E$24) | J24: =INDEX(curve_x5,'Metrics'!$E$24) | K24: =INDEX(curve_x6,'Metrics'!$E$24) | L24: =INDEX(curve_x7,'Metrics'!$E$24) | M24: =INDEX(curve_x8,'Metrics'!$E$24) | N24: =INDEX(curve_y1,'Metrics'!$E$24) | O24: =INDEX(curve_y2,'Metrics'!$E$24) | P24: =INDEX(curve_y3,'Metrics'!$E$24) | Q24: =INDEX(curve_y4,'Metrics'!$E$24) | R24: =INDEX(curve_y5,'Metrics'!$E$24) | S24: =INDEX(curve_y6,'Metrics'!$E$24) | T24: =INDEX(curve_y7,'Metrics'!$E$24) | U24: =INDEX(curve_y8,'Metrics'!$E$24) | V24: =IF(ISNUMBER('Metrics'!$B$24),MAX(0,MIN(1,IF('Metrics'!$B$24<='Metrics'!$F$24,'Metrics'!$N$24,IF('Metrics'!$B$24>='Metrics'!$M$24,'Metrics'!$U$24,IF('Metrics'!$B$24<='Metrics'!$G$24,IF('Metrics'!$G$24-'Metrics'!$F$24<=0,'Metrics'!$O$24,'Metrics'!$N$24+('Metrics'!$B$24-'Metrics'!$F$24)/('Metrics'!$G$24-'Metrics'!$F$24)*('Metrics'!$O$24-'Metrics'!$N$24)),IF('Metrics'!$B$24<='Metrics'!$H$24,IF('Metrics'!$H$24-'Metrics'!$G$24<=0,'Metrics'!$P$24,'Metrics'!$O$24+('Metrics'!$B$24-'Metrics'!$G$24)/('Metrics'!$H$24-'Metrics'!$G$24)*('Metrics'!$P$24-'Metrics'!$O$24)),IF('Metrics'!$B$24<='Metrics'!$I$24,IF('Metrics'!$I$24-'Metrics'!$H$24<=0,'Metrics'!$Q$24,'Metrics'!$P$24+('Metrics'!$B$24-'Metrics'!$H$24)/('Metrics'!$I$24-'Metrics'!$H$24)*('Metrics'!$Q$24-'Metrics'!$P$24)),IF('Metrics'!$B$24<='Metrics'!$J$24,IF('Metrics'!$J$24-'Metrics'!$I$24<=0,'Metrics'!$R$24,'Metrics'!$Q$24+('Metrics'!$B$24-'Metrics'!$I$24)/('Metrics'!$J$24-'Metrics'!$I$24)*('Metrics'!$R$24-'Metrics'!$Q$24)),IF('Metrics'!$B$24<='Metrics'!$K$24,IF('Metrics'!$K$24-'Metrics'!$J$24<=0,'Metrics'!$S$24,'Metrics'!$R$24+('Metrics'!$B$24-'Metrics'!$J$24)/('Metrics'!$K$24-'Metrics'!$J$24)*('Metrics'!$S$24-'Metrics'!$R$24)),IF('Metrics'!$B$24<='Metrics'!$L$24,IF('Metrics'!$L$24-'Metrics'!$K$24<=0,'Metrics'!$T$24,'Metrics'!$S$24+('Metrics'!$B$24-'Metrics'!$K$24)/('Metrics'!$L$24-'Metrics'!$K$24)*('Metrics'!$T$24-'Metrics'!$S$24)),IF('Metrics'!$M$24-'Metrics'!$L$24<=0,'Metrics'!$U$24,'Metrics'!$T$24+('Metrics'!$B$24-'Metrics'!$L$24)/('Metrics'!$M$24-'Metrics'!$L$24)*('Metrics'!$U$24-'Metrics'!$T$24)))))))))))),"")
A25: Turbidity | B25: =IF('DEEP Score'!$E$39="","",'DEEP Score'!$E$39) | C25: ="" | D25: ="spring_chem_turb|"&'Metrics'!$C$25 | E25: =IFERROR(MATCH('Metrics'!$D$25,curve_key,0),MATCH("spring_chem_turb|",curve_key,0)) | F25: =INDEX(curve_x1,'Metrics'!$E$25) | G25: =INDEX(curve_x2,'Metrics'!$E$25) | H25: =INDEX(curve_x3,'Metrics'!$E$25) | I25: =INDEX(curve_x4,'Metrics'!$E$25) | J25: =INDEX(curve_x5,'Metrics'!$E$25) | K25: =INDEX(curve_x6,'Metrics'!$E$25) | L25: =INDEX(curve_x7,'Metrics'!$E$25) | M25: =INDEX(curve_x8,'Metrics'!$E$25) | N25: =INDEX(curve_y1,'Metrics'!$E$25) | O25: =INDEX(curve_y2,'Metrics'!$E$25) | P25: =INDEX(curve_y3,'Metrics'!$E$25) | Q25: =INDEX(curve_y4,'Metrics'!$E$25) | R25: =INDEX(curve_y5,'Metrics'!$E$25) | S25: =INDEX(curve_y6,'Metrics'!$E$25) | T25: =INDEX(curve_y7,'Metrics'!$E$25) | U25: =INDEX(curve_y8,'Metrics'!$E$25) | V25: =IF(ISNUMBER('Metrics'!$B$25),MAX(0,MIN(1,IF('Metrics'!$B$25<='Metrics'!$F$25,'Metrics'!$N$25,IF('Metrics'!$B$25>='Metrics'!$M$25,'Metrics'!$U$25,IF('Metrics'!$B$25<='Metrics'!$G$25,IF('Metrics'!$G$25-'Metrics'!$F$25<=0,'Metrics'!$O$25,'Metrics'!$N$25+('Metrics'!$B$25-'Metrics'!$F$25)/('Metrics'!$G$25-'Metrics'!$F$25)*('Metrics'!$O$25-'Metrics'!$N$25)),IF('Metrics'!$B$25<='Metrics'!$H$25,IF('Metrics'!$H$25-'Metrics'!$G$25<=0,'Metrics'!$P$25,'Metrics'!$O$25+('Metrics'!$B$25-'Metrics'!$G$25)/('Metrics'!$H$25-'Metrics'!$G$25)*('Metrics'!$P$25-'Metrics'!$O$25)),IF('Metrics'!$B$25<='Metrics'!$I$25,IF('Metrics'!$I$25-'Metrics'!$H$25<=0,'Metrics'!$Q$25,'Metrics'!$P$25+('Metrics'!$B$25-'Metrics'!$H$25)/('Metrics'!$I$25-'Metrics'!$H$25)*('Metrics'!$Q$25-'Metrics'!$P$25)),IF('Metrics'!$B$25<='Metrics'!$J$25,IF('Metrics'!$J$25-'Metrics'!$I$25<=0,'Metrics'!$R$25,'Metrics'!$Q$25+('Metrics'!$B$25-'Metrics'!$I$25)/('Metrics'!$J$25-'Metrics'!$I$25)*('Metrics'!$R$25-'Metrics'!$Q$25)),IF('Metrics'!$B$25<='Metrics'!$K$25,IF('Metrics'!$K$25-'Metrics'!$J$25<=0,'Metrics'!$S$25,'Metrics'!$R$25+('Metrics'!$B$25-'Metrics'!$J$25)/('Metrics'!$K$25-'Metrics'!$J$25)*('Metrics'!$S$25-'Metrics'!$R$25)),IF('Metrics'!$B$25<='Metrics'!$L$25,IF('Metrics'!$L$25-'Metrics'!$K$25<=0,'Metrics'!$T$25,'Metrics'!$S$25+('Metrics'!$B$25-'Metrics'!$K$25)/('Metrics'!$L$25-'Metrics'!$K$25)*('Metrics'!$T$25-'Metrics'!$S$25)),IF('Metrics'!$M$25-'Metrics'!$L$25<=0,'Metrics'!$U$25,'Metrics'!$T$25+('Metrics'!$B$25-'Metrics'!$L$25)/('Metrics'!$M$25-'Metrics'!$L$25)*('Metrics'!$U$25-'Metrics'!$T$25)))))))))))),"")
A26: Fast-water / riffle habitat | B26: =IF('DEEP Score'!$E$40="","",'DEEP Score'!$E$40) | C26: ="" | D26: ="spring_phab_pct_fast|"&'Metrics'!$C$26 | E26: =IFERROR(MATCH('Metrics'!$D$26,curve_key,0),MATCH("spring_phab_pct_fast|",curve_key,0)) | F26: =INDEX(curve_x1,'Metrics'!$E$26) | G26: =INDEX(curve_x2,'Metrics'!$E$26) | H26: =INDEX(curve_x3,'Metrics'!$E$26) | I26: =INDEX(curve_x4,'Metrics'!$E$26) | J26: =INDEX(curve_x5,'Metrics'!$E$26) | K26: =INDEX(curve_x6,'Metrics'!$E$26) | L26: =INDEX(curve_x7,'Metrics'!$E$26) | M26: =INDEX(curve_x8,'Metrics'!$E$26) | N26: =INDEX(curve_y1,'Metrics'!$E$26) | O26: =INDEX(curve_y2,'Metrics'!$E$26) | P26: =INDEX(curve_y3,'Metrics'!$E$26) | Q26: =INDEX(curve_y4,'Metrics'!$E$26) | R26: =INDEX(curve_y5,'Metrics'!$E$26) | S26: =INDEX(curve_y6,'Metrics'!$E$26) | T26: =INDEX(curve_y7,'Metrics'!$E$26) | U26: =INDEX(curve_y8,'Metrics'!$E$26) | V26: =IF(ISNUMBER('Metrics'!$B$26),MAX(0,MIN(1,IF('Metrics'!$B$26<='Metrics'!$F$26,'Metrics'!$N$26,IF('Metrics'!$B$26>='Metrics'!$M$26,'Metrics'!$U$26,IF('Metrics'!$B$26<='Metrics'!$G$26,IF('Metrics'!$G$26-'Metrics'!$F$26<=0,'Metrics'!$O$26,'Metrics'!$N$26+('Metrics'!$B$26-'Metrics'!$F$26)/('Metrics'!$G$26-'Metrics'!$F$26)*('Metrics'!$O$26-'Metrics'!$N$26)),IF('Metrics'!$B$26<='Metrics'!$H$26,IF('Metrics'!$H$26-'Metrics'!$G$26<=0,'Metrics'!$P$26,'Metrics'!$O$26+('Metrics'!$B$26-'Metrics'!$G$26)/('Metrics'!$H$26-'Metrics'!$G$26)*('Metrics'!$P$26-'Metrics'!$O$26)),IF('Metrics'!$B$26<='Metrics'!$I$26,IF('Metrics'!$I$26-'Metrics'!$H$26<=0,'Metrics'!$Q$26,'Metrics'!$P$26+('Metrics'!$B$26-'Metrics'!$H$26)/('Metrics'!$I$26-'Metrics'!$H$26)*('Metrics'!$Q$26-'Metrics'!$P$26)),IF('Metrics'!$B$26<='Metrics'!$J$26,IF('Metrics'!$J$26-'Metrics'!$I$26<=0,'Metrics'!$R$26,'Metrics'!$Q$26+('Metrics'!$B$26-'Metrics'!$I$26)/('Metrics'!$J$26-'Metrics'!$I$26)*('Metrics'!$R$26-'Metrics'!$Q$26)),IF('Metrics'!$B$26<='Metrics'!$K$26,IF('Metrics'!$K$26-'Metrics'!$J$26<=0,'Metrics'!$S$26,'Metrics'!$R$26+('Metrics'!$B$26-'Metrics'!$J$26)/('Metrics'!$K$26-'Metrics'!$J$26)*('Metrics'!$S$26-'Metrics'!$R$26)),IF('Metrics'!$B$26<='Metrics'!$L$26,IF('Metrics'!$L$26-'Metrics'!$K$26<=0,'Metrics'!$T$26,'Metrics'!$S$26+('Metrics'!$B$26-'Metrics'!$K$26)/('Metrics'!$L$26-'Metrics'!$K$26)*('Metrics'!$T$26-'Metrics'!$S$26)),IF('Metrics'!$M$26-'Metrics'!$L$26<=0,'Metrics'!$U$26,'Metrics'!$T$26+('Metrics'!$B$26-'Metrics'!$L$26)/('Metrics'!$M$26-'Metrics'!$L$26)*('Metrics'!$U$26-'Metrics'!$T$26)))))))))))),"")
A27: Natural fish cover | B27: =IF('DEEP Score'!$E$41="","",'DEEP Score'!$E$41) | C27: ="" | D27: ="spring_phab_xfc_nat|"&'Metrics'!$C$27 | E27: =IFERROR(MATCH('Metrics'!$D$27,curve_key,0),MATCH("spring_phab_xfc_nat|",curve_key,0)) | F27: =INDEX(curve_x1,'Metrics'!$E$27) | G27: =INDEX(curve_x2,'Metrics'!$E$27) | H27: =INDEX(curve_x3,'Metrics'!$E$27) | I27: =INDEX(curve_x4,'Metrics'!$E$27) | J27: =INDEX(curve_x5,'Metrics'!$E$27) | K27: =INDEX(curve_x6,'Metrics'!$E$27) | L27: =INDEX(curve_x7,'Metrics'!$E$27) | M27: =INDEX(curve_x8,'Metrics'!$E$27) | N27: =INDEX(curve_y1,'Metrics'!$E$27) | O27: =INDEX(curve_y2,'Metrics'!$E$27) | P27: =INDEX(curve_y3,'Metrics'!$E$27) | Q27: =INDEX(curve_y4,'Metrics'!$E$27) | R27: =INDEX(curve_y5,'Metrics'!$E$27) | S27: =INDEX(curve_y6,'Metrics'!$E$27) | T27: =INDEX(curve_y7,'Metrics'!$E$27) | U27: =INDEX(curve_y8,'Metrics'!$E$27) | V27: =IF(ISNUMBER('Metrics'!$B$27),MAX(0,MIN(1,IF('Metrics'!$B$27<='Metrics'!$F$27,'Metrics'!$N$27,IF('Metrics'!$B$27>='Metrics'!$M$27,'Metrics'!$U$27,IF('Metrics'!$B$27<='Metrics'!$G$27,IF('Metrics'!$G$27-'Metrics'!$F$27<=0,'Metrics'!$O$27,'Metrics'!$N$27+('Metrics'!$B$27-'Metrics'!$F$27)/('Metrics'!$G$27-'Metrics'!$F$27)*('Metrics'!$O$27-'Metrics'!$N$27)),IF('Metrics'!$B$27<='Metrics'!$H$27,IF('Metrics'!$H$27-'Metrics'!$G$27<=0,'Metrics'!$P$27,'Metrics'!$O$27+('Metrics'!$B$27-'Metrics'!$G$27)/('Metrics'!$H$27-'Metrics'!$G$27)*('Metrics'!$P$27-'Metrics'!$O$27)),IF('Metrics'!$B$27<='Metrics'!$I$27,IF('Metrics'!$I$27-'Metrics'!$H$27<=0,'Metrics'!$Q$27,'Metrics'!$P$27+('Metrics'!$B$27-'Metrics'!$H$27)/('Metrics'!$I$27-'Metrics'!$H$27)*('Metrics'!$Q$27-'Metrics'!$P$27)),IF('Metrics'!$B$27<='Metrics'!$J$27,IF('Metrics'!$J$27-'Metrics'!$I$27<=0,'Metrics'!$R$27,'Metrics'!$Q$27+('Metrics'!$B$27-'Metrics'!$I$27)/('Metrics'!$J$27-'Metrics'!$I$27)*('Metrics'!$R$27-'Metrics'!$Q$27)),IF('Metrics'!$B$27<='Metrics'!$K$27,IF('Metrics'!$K$27-'Metrics'!$J$27<=0,'Metrics'!$S$27,'Metrics'!$R$27+('Metrics'!$B$27-'Metrics'!$J$27)/('Metrics'!$K$27-'Metrics'!$J$27)*('Metrics'!$S$27-'Metrics'!$R$27)),IF('Metrics'!$B$27<='Metrics'!$L$27,IF('Metrics'!$L$27-'Metrics'!$K$27<=0,'Metrics'!$T$27,'Metrics'!$S$27+('Metrics'!$B$27-'Metrics'!$K$27)/('Metrics'!$L$27-'Metrics'!$K$27)*('Metrics'!$T$27-'Metrics'!$S$27)),IF('Metrics'!$M$27-'Metrics'!$L$27<=0,'Metrics'!$U$27,'Metrics'!$T$27+('Metrics'!$B$27-'Metrics'!$L$27)/('Metrics'!$M$27-'Metrics'!$L$27)*('Metrics'!$U$27-'Metrics'!$T$27)))))))))))),"")
A28: Benthic total taxa richness | B28: =IF('DEEP Score'!$E$42="","",'DEEP Score'!$E$42) | C28: ="" | D28: ="spring_bent_totlntax|"&'Metrics'!$C$28 | E28: =IFERROR(MATCH('Metrics'!$D$28,curve_key,0),MATCH("spring_bent_totlntax|",curve_key,0)) | F28: =INDEX(curve_x1,'Metrics'!$E$28) | G28: =INDEX(curve_x2,'Metrics'!$E$28) | H28: =INDEX(curve_x3,'Metrics'!$E$28) | I28: =INDEX(curve_x4,'Metrics'!$E$28) | J28: =INDEX(curve_x5,'Metrics'!$E$28) | K28: =INDEX(curve_x6,'Metrics'!$E$28) | L28: =INDEX(curve_x7,'Metrics'!$E$28) | M28: =INDEX(curve_x8,'Metrics'!$E$28) | N28: =INDEX(curve_y1,'Metrics'!$E$28) | O28: =INDEX(curve_y2,'Metrics'!$E$28) | P28: =INDEX(curve_y3,'Metrics'!$E$28) | Q28: =INDEX(curve_y4,'Metrics'!$E$28) | R28: =INDEX(curve_y5,'Metrics'!$E$28) | S28: =INDEX(curve_y6,'Metrics'!$E$28) | T28: =INDEX(curve_y7,'Metrics'!$E$28) | U28: =INDEX(curve_y8,'Metrics'!$E$28) | V28: =IF(ISNUMBER('Metrics'!$B$28),MAX(0,MIN(1,IF('Metrics'!$B$28<='Metrics'!$F$28,'Metrics'!$N$28,IF('Metrics'!$B$28>='Metrics'!$M$28,'Metrics'!$U$28,IF('Metrics'!$B$28<='Metrics'!$G$28,IF('Metrics'!$G$28-'Metrics'!$F$28<=0,'Metrics'!$O$28,'Metrics'!$N$28+('Metrics'!$B$28-'Metrics'!$F$28)/('Metrics'!$G$28-'Metrics'!$F$28)*('Metrics'!$O$28-'Metrics'!$N$28)),IF('Metrics'!$B$28<='Metrics'!$H$28,IF('Metrics'!$H$28-'Metrics'!$G$28<=0,'Metrics'!$P$28,'Metrics'!$O$28+('Metrics'!$B$28-'Metrics'!$G$28)/('Metrics'!$H$28-'Metrics'!$G$28)*('Metrics'!$P$28-'Metrics'!$O$28)),IF('Metrics'!$B$28<='Metrics'!$I$28,IF('Metrics'!$I$28-'Metrics'!$H$28<=0,'Metrics'!$Q$28,'Metrics'!$P$28+('Metrics'!$B$28-'Metrics'!$H$28)/('Metrics'!$I$28-'Metrics'!$H$28)*('Metrics'!$Q$28-'Metrics'!$P$28)),IF('Metrics'!$B$28<='Metrics'!$J$28,IF('Metrics'!$J$28-'Metrics'!$I$28<=0,'Metrics'!$R$28,'Metrics'!$Q$28+('Metrics'!$B$28-'Metrics'!$I$28)/('Metrics'!$J$28-'Metrics'!$I$28)*('Metrics'!$R$28-'Metrics'!$Q$28)),IF('Metrics'!$B$28<='Metrics'!$K$28,IF('Metrics'!$K$28-'Metrics'!$J$28<=0,'Metrics'!$S$28,'Metrics'!$R$28+('Metrics'!$B$28-'Metrics'!$J$28)/('Metrics'!$K$28-'Metrics'!$J$28)*('Metrics'!$S$28-'Metrics'!$R$28)),IF('Metrics'!$B$28<='Metrics'!$L$28,IF('Metrics'!$L$28-'Metrics'!$K$28<=0,'Metrics'!$T$28,'Metrics'!$S$28+('Metrics'!$B$28-'Metrics'!$K$28)/('Metrics'!$L$28-'Metrics'!$K$28)*('Metrics'!$T$28-'Metrics'!$S$28)),IF('Metrics'!$M$28-'Metrics'!$L$28<=0,'Metrics'!$U$28,'Metrics'!$T$28+('Metrics'!$B$28-'Metrics'!$L$28)/('Metrics'!$M$28-'Metrics'!$L$28)*('Metrics'!$U$28-'Metrics'!$T$28)))))))))))),"")
A29: EPT taxa richness | B29: =IF('DEEP Score'!$E$43="","",'DEEP Score'!$E$43) | C29: ="" | D29: ="spring_bent_ept_ntax|"&'Metrics'!$C$29 | E29: =IFERROR(MATCH('Metrics'!$D$29,curve_key,0),MATCH("spring_bent_ept_ntax|",curve_key,0)) | F29: =INDEX(curve_x1,'Metrics'!$E$29) | G29: =INDEX(curve_x2,'Metrics'!$E$29) | H29: =INDEX(curve_x3,'Metrics'!$E$29) | I29: =INDEX(curve_x4,'Metrics'!$E$29) | J29: =INDEX(curve_x5,'Metrics'!$E$29) | K29: =INDEX(curve_x6,'Metrics'!$E$29) | L29: =INDEX(curve_x7,'Metrics'!$E$29) | M29: =INDEX(curve_x8,'Metrics'!$E$29) | N29: =INDEX(curve_y1,'Metrics'!$E$29) | O29: =INDEX(curve_y2,'Metrics'!$E$29) | P29: =INDEX(curve_y3,'Metrics'!$E$29) | Q29: =INDEX(curve_y4,'Metrics'!$E$29) | R29: =INDEX(curve_y5,'Metrics'!$E$29) | S29: =INDEX(curve_y6,'Metrics'!$E$29) | T29: =INDEX(curve_y7,'Metrics'!$E$29) | U29: =INDEX(curve_y8,'Metrics'!$E$29) | V29: =IF(ISNUMBER('Metrics'!$B$29),MAX(0,MIN(1,IF('Metrics'!$B$29<='Metrics'!$F$29,'Metrics'!$N$29,IF('Metrics'!$B$29>='Metrics'!$M$29,'Metrics'!$U$29,IF('Metrics'!$B$29<='Metrics'!$G$29,IF('Metrics'!$G$29-'Metrics'!$F$29<=0,'Metrics'!$O$29,'Metrics'!$N$29+('Metrics'!$B$29-'Metrics'!$F$29)/('Metrics'!$G$29-'Metrics'!$F$29)*('Metrics'!$O$29-'Metrics'!$N$29)),IF('Metrics'!$B$29<='Metrics'!$H$29,IF('Metrics'!$H$29-'Metrics'!$G$29<=0,'Metrics'!$P$29,'Metrics'!$O$29+('Metrics'!$B$29-'Metrics'!$G$29)/('Metrics'!$H$29-'Metrics'!$G$29)*('Metrics'!$P$29-'Metrics'!$O$29)),IF('Metrics'!$B$29<='Metrics'!$I$29,IF('Metrics'!$I$29-'Metrics'!$H$29<=0,'Metrics'!$Q$29,'Metrics'!$P$29+('Metrics'!$B$29-'Metrics'!$H$29)/('Metrics'!$I$29-'Metrics'!$H$29)*('Metrics'!$Q$29-'Metrics'!$P$29)),IF('Metrics'!$B$29<='Metrics'!$J$29,IF('Metrics'!$J$29-'Metrics'!$I$29<=0,'Metrics'!$R$29,'Metrics'!$Q$29+('Metrics'!$B$29-'Metrics'!$I$29)/('Metrics'!$J$29-'Metrics'!$I$29)*('Metrics'!$R$29-'Metrics'!$Q$29)),IF('Metrics'!$B$29<='Metrics'!$K$29,IF('Metrics'!$K$29-'Metrics'!$J$29<=0,'Metrics'!$S$29,'Metrics'!$R$29+('Metrics'!$B$29-'Metrics'!$J$29)/('Metrics'!$K$29-'Metrics'!$J$29)*('Metrics'!$S$29-'Metrics'!$R$29)),IF('Metrics'!$B$29<='Metrics'!$L$29,IF('Metrics'!$L$29-'Metrics'!$K$29<=0,'Metrics'!$T$29,'Metrics'!$S$29+('Metrics'!$B$29-'Metrics'!$K$29)/('Metrics'!$L$29-'Metrics'!$K$29)*('Metrics'!$T$29-'Metrics'!$S$29)),IF('Metrics'!$M$29-'Metrics'!$L$29<=0,'Metrics'!$U$29,'Metrics'!$T$29+('Metrics'!$B$29-'Metrics'!$L$29)/('Metrics'!$M$29-'Metrics'!$L$29)*('Metrics'!$U$29-'Metrics'!$T$29)))))))))))),"")
A30: Shannon diversity (H') | B30: =IF('DEEP Score'!$E$44="","",'DEEP Score'!$E$44) | C30: ="" | D30: ="spring_bent_hprime|"&'Metrics'!$C$30 | E30: =IFERROR(MATCH('Metrics'!$D$30,curve_key,0),MATCH("spring_bent_hprime|",curve_key,0)) | F30: =INDEX(curve_x1,'Metrics'!$E$30) | G30: =INDEX(curve_x2,'Metrics'!$E$30) | H30: =INDEX(curve_x3,'Metrics'!$E$30) | I30: =INDEX(curve_x4,'Metrics'!$E$30) | J30: =INDEX(curve_x5,'Metrics'!$E$30) | K30: =INDEX(curve_x6,'Metrics'!$E$30) | L30: =INDEX(curve_x7,'Metrics'!$E$30) | M30: =INDEX(curve_x8,'Metrics'!$E$30) | N30: =INDEX(curve_y1,'Metrics'!$E$30) | O30: =INDEX(curve_y2,'Metrics'!$E$30) | P30: =INDEX(curve_y3,'Metrics'!$E$30) | Q30: =INDEX(curve_y4,'Metrics'!$E$30) | R30: =INDEX(curve_y5,'Metrics'!$E$30) | S30: =INDEX(curve_y6,'Metrics'!$E$30) | T30: =INDEX(curve_y7,'Metrics'!$E$30) | U30: =INDEX(curve_y8,'Metrics'!$E$30) | V30: =IF(ISNUMBER('Metrics'!$B$30),MAX(0,MIN(1,IF('Metrics'!$B$30<='Metrics'!$F$30,'Metrics'!$N$30,IF('Metrics'!$B$30>='Metrics'!$M$30,'Metrics'!$U$30,IF('Metrics'!$B$30<='Metrics'!$G$30,IF('Metrics'!$G$30-'Metrics'!$F$30<=0,'Metrics'!$O$30,'Metrics'!$N$30+('Metrics'!$B$30-'Metrics'!$F$30)/('Metrics'!$G$30-'Metrics'!$F$30)*('Metrics'!$O$30-'Metrics'!$N$30)),IF('Metrics'!$B$30<='Metrics'!$H$30,IF('Metrics'!$H$30-'Metrics'!$G$30<=0,'Metrics'!$P$30,'Metrics'!$O$30+('Metrics'!$B$30-'Metrics'!$G$30)/('Metrics'!$H$30-'Metrics'!$G$30)*('Metrics'!$P$30-'Metrics'!$O$30)),IF('Metrics'!$B$30<='Metrics'!$I$30,IF('Metrics'!$I$30-'Metrics'!$H$30<=0,'Metrics'!$Q$30,'Metrics'!$P$30+('Metrics'!$B$30-'Metrics'!$H$30)/('Metrics'!$I$30-'Metrics'!$H$30)*('Metrics'!$Q$30-'Metrics'!$P$30)),IF('Metrics'!$B$30<='Metrics'!$J$30,IF('Metrics'!$J$30-'Metrics'!$I$30<=0,'Metrics'!$R$30,'Metrics'!$Q$30+('Metrics'!$B$30-'Metrics'!$I$30)/('Metrics'!$J$30-'Metrics'!$I$30)*('Metrics'!$R$30-'Metrics'!$Q$30)),IF('Metrics'!$B$30<='Metrics'!$K$30,IF('Metrics'!$K$30-'Metrics'!$J$30<=0,'Metrics'!$S$30,'Metrics'!$R$30+('Metrics'!$B$30-'Metrics'!$J$30)/('Metrics'!$K$30-'Metrics'!$J$30)*('Metrics'!$S$30-'Metrics'!$R$30)),IF('Metrics'!$B$30<='Metrics'!$L$30,IF('Metrics'!$L$30-'Metrics'!$K$30<=0,'Metrics'!$T$30,'Metrics'!$S$30+('Metrics'!$B$30-'Metrics'!$K$30)/('Metrics'!$L$30-'Metrics'!$K$30)*('Metrics'!$T$30-'Metrics'!$S$30)),IF('Metrics'!$M$30-'Metrics'!$L$30<=0,'Metrics'!$U$30,'Metrics'!$T$30+('Metrics'!$B$30-'Metrics'!$L$30)/('Metrics'!$M$30-'Metrics'!$L$30)*('Metrics'!$U$30-'Metrics'!$T$30)))))))))))),"")
A31: Mapped dams within one mile | B31: =IF('DEEP Score'!$E$45="","",'DEEP Score'!$E$45) | C31: ="" | D31: ="spring_nid_dams_1mi|"&'Metrics'!$C$31 | E31: =IFERROR(MATCH('Metrics'!$D$31,curve_key,0),MATCH("spring_nid_dams_1mi|",curve_key,0)) | F31: =INDEX(curve_x1,'Metrics'!$E$31) | G31: =INDEX(curve_x2,'Metrics'!$E$31) | H31: =INDEX(curve_x3,'Metrics'!$E$31) | I31: =INDEX(curve_x4,'Metrics'!$E$31) | J31: =INDEX(curve_x5,'Metrics'!$E$31) | K31: =INDEX(curve_x6,'Metrics'!$E$31) | L31: =INDEX(curve_x7,'Metrics'!$E$31) | M31: =INDEX(curve_x8,'Metrics'!$E$31) | N31: =INDEX(curve_y1,'Metrics'!$E$31) | O31: =INDEX(curve_y2,'Metrics'!$E$31) | P31: =INDEX(curve_y3,'Metrics'!$E$31) | Q31: =INDEX(curve_y4,'Metrics'!$E$31) | R31: =INDEX(curve_y5,'Metrics'!$E$31) | S31: =INDEX(curve_y6,'Metrics'!$E$31) | T31: =INDEX(curve_y7,'Metrics'!$E$31) | U31: =INDEX(curve_y8,'Metrics'!$E$31) | V31: =IF(ISNUMBER('Metrics'!$B$31),MAX(0,MIN(1,IF('Metrics'!$B$31<='Metrics'!$F$31,'Metrics'!$N$31,IF('Metrics'!$B$31>='Metrics'!$M$31,'Metrics'!$U$31,IF('Metrics'!$B$31<='Metrics'!$G$31,IF('Metrics'!$G$31-'Metrics'!$F$31<=0,'Metrics'!$O$31,'Metrics'!$N$31+('Metrics'!$B$31-'Metrics'!$F$31)/('Metrics'!$G$31-'Metrics'!$F$31)*('Metrics'!$O$31-'Metrics'!$N$31)),IF('Metrics'!$B$31<='Metrics'!$H$31,IF('Metrics'!$H$31-'Metrics'!$G$31<=0,'Metrics'!$P$31,'Metrics'!$O$31+('Metrics'!$B$31-'Metrics'!$G$31)/('Metrics'!$H$31-'Metrics'!$G$31)*('Metrics'!$P$31-'Metrics'!$O$31)),IF('Metrics'!$B$31<='Metrics'!$I$31,IF('Metrics'!$I$31-'Metrics'!$H$31<=0,'Metrics'!$Q$31,'Metrics'!$P$31+('Metrics'!$B$31-'Metrics'!$H$31)/('Metrics'!$I$31-'Metrics'!$H$31)*('Metrics'!$Q$31-'Metrics'!$P$31)),IF('Metrics'!$B$31<='Metrics'!$J$31,IF('Metrics'!$J$31-'Metrics'!$I$31<=0,'Metrics'!$R$31,'Metrics'!$Q$31+('Metrics'!$B$31-'Metrics'!$I$31)/('Metrics'!$J$31-'Metrics'!$I$31)*('Metrics'!$R$31-'Metrics'!$Q$31)),IF('Metrics'!$B$31<='Metrics'!$K$31,IF('Metrics'!$K$31-'Metrics'!$J$31<=0,'Metrics'!$S$31,'Metrics'!$R$31+('Metrics'!$B$31-'Metrics'!$J$31)/('Metrics'!$K$31-'Metrics'!$J$31)*('Metrics'!$S$31-'Metrics'!$R$31)),IF('Metrics'!$B$31<='Metrics'!$L$31,IF('Metrics'!$L$31-'Metrics'!$K$31<=0,'Metrics'!$T$31,'Metrics'!$S$31+('Metrics'!$B$31-'Metrics'!$K$31)/('Metrics'!$L$31-'Metrics'!$K$31)*('Metrics'!$T$31-'Metrics'!$S$31)),IF('Metrics'!$M$31-'Metrics'!$L$31<=0,'Metrics'!$U$31,'Metrics'!$T$31+('Metrics'!$B$31-'Metrics'!$L$31)/('Metrics'!$M$31-'Metrics'!$L$31)*('Metrics'!$U$31-'Metrics'!$T$31)))))))))))),"")

Sheet Results
A1: Function scores and the outcome rollup
A3: Function | B3: Score | C3: Physical weight | D3: Chemical weight | E3: Biological weight | F3: Physical weighted | G3: Chemical weighted | H3: Biological weighted | I3: Physical maximum | J3: Chemical maximum | K3: Biological maximum
A4: Catchment hydrology | B4: =IF(COUNT('DEEP Score'!G12:G13)=0,"",SUM('DEEP Score'!G12:G13)/COUNT('DEEP Score'!G12:G13)*15) | C4: 1 | D4: 0.1 | E4: 0.1 | F4: =IF(ISNUMBER('Results'!$B$4),'Results'!$B$4*'Results'!$C$4,0) | G4: =IF(ISNUMBER('Results'!$B$4),'Results'!$B$4*'Results'!$D$4,0) | H4: =IF(ISNUMBER('Results'!$B$4),'Results'!$B$4*'Results'!$E$4,0) | I4: =IF(ISNUMBER('Results'!$B$4),15*'Results'!$C$4,0) | J4: =IF(ISNUMBER('Results'!$B$4),15*'Results'!$D$4,0) | K4: =IF(ISNUMBER('Results'!$B$4),15*'Results'!$E$4,0)
A5: Surface water storage | B5: =IF(COUNT('DEEP Score'!G14:G14)=0,"",SUM('DEEP Score'!G14:G14)/COUNT('DEEP Score'!G14:G14)*15) | C5: 1 | D5: 0.1 | E5: 0.1 | F5: =IF(ISNUMBER('Results'!$B$5),'Results'!$B$5*'Results'!$C$5,0) | G5: =IF(ISNUMBER('Results'!$B$5),'Results'!$B$5*'Results'!$D$5,0) | H5: =IF(ISNUMBER('Results'!$B$5),'Results'!$B$5*'Results'!$E$5,0) | I5: =IF(ISNUMBER('Results'!$B$5),15*'Results'!$C$5,0) | J5: =IF(ISNUMBER('Results'!$B$5),15*'Results'!$D$5,0) | K5: =IF(ISNUMBER('Results'!$B$5),15*'Results'!$E$5,0)
A6: Reach inflow | B6: =IF(COUNT('DEEP Score'!G15:G15)=0,"",SUM('DEEP Score'!G15:G15)/COUNT('DEEP Score'!G15:G15)*15) | C6: 1 | D6: 0.1 | E6: 0.1 | F6: =IF(ISNUMBER('Results'!$B$6),'Results'!$B$6*'Results'!$C$6,0) | G6: =IF(ISNUMBER('Results'!$B$6),'Results'!$B$6*'Results'!$D$6,0) | H6: =IF(ISNUMBER('Results'!$B$6),'Results'!$B$6*'Results'!$E$6,0) | I6: =IF(ISNUMBER('Results'!$B$6),15*'Results'!$C$6,0) | J6: =IF(ISNUMBER('Results'!$B$6),15*'Results'!$D$6,0) | K6: =IF(ISNUMBER('Results'!$B$6),15*'Results'!$E$6,0)
A7: Streamflow regime | B7: =IF(COUNT('DEEP Score'!G16:G17)=0,"",SUM('DEEP Score'!G16:G17)/COUNT('DEEP Score'!G16:G17)*15) | C7: 1 | D7: 0.1 | E7: 0.1 | F7: =IF(ISNUMBER('Results'!$B$7),'Results'!$B$7*'Results'!$C$7,0) | G7: =IF(ISNUMBER('Results'!$B$7),'Results'!$B$7*'Results'!$D$7,0) | H7: =IF(ISNUMBER('Results'!$B$7),'Results'!$B$7*'Results'!$E$7,0) | I7: =IF(ISNUMBER('Results'!$B$7),15*'Results'!$C$7,0) | J7: =IF(ISNUMBER('Results'!$B$7),15*'Results'!$D$7,0) | K7: =IF(ISNUMBER('Results'!$B$7),15*'Results'!$E$7,0)
A8: Low flow and baseflow dynamics | B8: =IF(COUNT('DEEP Score'!G18:G19)=0,"",SUM('DEEP Score'!G18:G19)/COUNT('DEEP Score'!G18:G19)*15) | C8: 1 | D8: 0.1 | E8: 0.1 | F8: =IF(ISNUMBER('Results'!$B$8),'Results'!$B$8*'Results'!$C$8,0) | G8: =IF(ISNUMBER('Results'!$B$8),'Results'!$B$8*'Results'!$D$8,0) | H8: =IF(ISNUMBER('Results'!$B$8),'Results'!$B$8*'Results'!$E$8,0) | I8: =IF(ISNUMBER('Results'!$B$8),15*'Results'!$C$8,0) | J8: =IF(ISNUMBER('Results'!$B$8),15*'Results'!$D$8,0) | K8: =IF(ISNUMBER('Results'!$B$8),15*'Results'!$E$8,0)
A9: High flow dynamics | B9: =IF(COUNT('DEEP Score'!G20:G20)=0,"",SUM('DEEP Score'!G20:G20)/COUNT('DEEP Score'!G20:G20)*15) | C9: 1 | D9: 0.1 | E9: 0.1 | F9: =IF(ISNUMBER('Results'!$B$9),'Results'!$B$9*'Results'!$C$9,0) | G9: =IF(ISNUMBER('Results'!$B$9),'Results'!$B$9*'Results'!$D$9,0) | H9: =IF(ISNUMBER('Results'!$B$9),'Results'!$B$9*'Results'!$E$9,0) | I9: =IF(ISNUMBER('Results'!$B$9),15*'Results'!$C$9,0) | J9: =IF(ISNUMBER('Results'!$B$9),15*'Results'!$D$9,0) | K9: =IF(ISNUMBER('Results'!$B$9),15*'Results'!$E$9,0)
A10: Floodplain connectivity | B10: =IF(COUNT('DEEP Score'!G21:G22)=0,"",SUM('DEEP Score'!G21:G22)/COUNT('DEEP Score'!G21:G22)*15) | C10: 1 | D10: 0.1 | E10: 0.1 | F10: =IF(ISNUMBER('Results'!$B$10),'Results'!$B$10*'Results'!$C$10,0) | G10: =IF(ISNUMBER('Results'!$B$10),'Results'!$B$10*'Results'!$D$10,0) | H10: =IF(ISNUMBER('Results'!$B$10),'Results'!$B$10*'Results'!$E$10,0) | I10: =IF(ISNUMBER('Results'!$B$10),15*'Results'!$C$10,0) | J10: =IF(ISNUMBER('Results'!$B$10),15*'Results'!$D$10,0) | K10: =IF(ISNUMBER('Results'!$B$10),15*'Results'!$E$10,0)
A11: Hyporheic connectivity | B11: =IF(COUNT('DEEP Score'!G23:G24)=0,"",SUM('DEEP Score'!G23:G24)/COUNT('DEEP Score'!G23:G24)*15) | C11: 1 | D11: 0.1 | E11: 0.1 | F11: =IF(ISNUMBER('Results'!$B$11),'Results'!$B$11*'Results'!$C$11,0) | G11: =IF(ISNUMBER('Results'!$B$11),'Results'!$B$11*'Results'!$D$11,0) | H11: =IF(ISNUMBER('Results'!$B$11),'Results'!$B$11*'Results'!$E$11,0) | I11: =IF(ISNUMBER('Results'!$B$11),15*'Results'!$C$11,0) | J11: =IF(ISNUMBER('Results'!$B$11),15*'Results'!$D$11,0) | K11: =IF(ISNUMBER('Results'!$B$11),15*'Results'!$E$11,0)
A12: Channel evolution | B12: =IF(COUNT('DEEP Score'!G25:G26)=0,"",SUM('DEEP Score'!G25:G26)/COUNT('DEEP Score'!G25:G26)*15) | C12: 1 | D12: 0.1 | E12: 0.1 | F12: =IF(ISNUMBER('Results'!$B$12),'Results'!$B$12*'Results'!$C$12,0) | G12: =IF(ISNUMBER('Results'!$B$12),'Results'!$B$12*'Results'!$D$12,0) | H12: =IF(ISNUMBER('Results'!$B$12),'Results'!$B$12*'Results'!$E$12,0) | I12: =IF(ISNUMBER('Results'!$B$12),15*'Results'!$C$12,0) | J12: =IF(ISNUMBER('Results'!$B$12),15*'Results'!$D$12,0) | K12: =IF(ISNUMBER('Results'!$B$12),15*'Results'!$E$12,0)
A13: Channel and floodplain dynamics | B13: =IF(COUNT('DEEP Score'!G27:G28)=0,"",SUM('DEEP Score'!G27:G28)/COUNT('DEEP Score'!G27:G28)*15) | C13: 1 | D13: 0.1 | E13: 0.1 | F13: =IF(ISNUMBER('Results'!$B$13),'Results'!$B$13*'Results'!$C$13,0) | G13: =IF(ISNUMBER('Results'!$B$13),'Results'!$B$13*'Results'!$D$13,0) | H13: =IF(ISNUMBER('Results'!$B$13),'Results'!$B$13*'Results'!$E$13,0) | I13: =IF(ISNUMBER('Results'!$B$13),15*'Results'!$C$13,0) | J13: =IF(ISNUMBER('Results'!$B$13),15*'Results'!$D$13,0) | K13: =IF(ISNUMBER('Results'!$B$13),15*'Results'!$E$13,0)
A14: Sediment continuity | B14: =IF(COUNT('DEEP Score'!G29:G30)=0,"",SUM('DEEP Score'!G29:G30)/COUNT('DEEP Score'!G29:G30)*15) | C14: 1 | D14: 0.1 | E14: 0.1 | F14: =IF(ISNUMBER('Results'!$B$14),'Results'!$B$14*'Results'!$C$14,0) | G14: =IF(ISNUMBER('Results'!$B$14),'Results'!$B$14*'Results'!$D$14,0) | H14: =IF(ISNUMBER('Results'!$B$14),'Results'!$B$14*'Results'!$E$14,0) | I14: =IF(ISNUMBER('Results'!$B$14),15*'Results'!$C$14,0) | J14: =IF(ISNUMBER('Results'!$B$14),15*'Results'!$D$14,0) | K14: =IF(ISNUMBER('Results'!$B$14),15*'Results'!$E$14,0)
A15: Bed composition and bedform dynamics | B15: =IF(COUNT('DEEP Score'!G31:G32)=0,"",SUM('DEEP Score'!G31:G32)/COUNT('DEEP Score'!G31:G32)*15) | C15: 1 | D15: 0.1 | E15: 0.1 | F15: =IF(ISNUMBER('Results'!$B$15),'Results'!$B$15*'Results'!$C$15,0) | G15: =IF(ISNUMBER('Results'!$B$15),'Results'!$B$15*'Results'!$D$15,0) | H15: =IF(ISNUMBER('Results'!$B$15),'Results'!$B$15*'Results'!$E$15,0) | I15: =IF(ISNUMBER('Results'!$B$15),15*'Results'!$C$15,0) | J15: =IF(ISNUMBER('Results'!$B$15),15*'Results'!$D$15,0) | K15: =IF(ISNUMBER('Results'!$B$15),15*'Results'!$E$15,0)
A16: Light & thermal regime | B16: =IF(COUNT('DEEP Score'!G33:G34)=0,"",SUM('DEEP Score'!G33:G34)/COUNT('DEEP Score'!G33:G34)*15) | C16: 0 | D16: 1 | E16: 0.1 | F16: =IF(ISNUMBER('Results'!$B$16),'Results'!$B$16*'Results'!$C$16,0) | G16: =IF(ISNUMBER('Results'!$B$16),'Results'!$B$16*'Results'!$D$16,0) | H16: =IF(ISNUMBER('Results'!$B$16),'Results'!$B$16*'Results'!$E$16,0) | I16: =IF(ISNUMBER('Results'!$B$16),15*'Results'!$C$16,0) | J16: =IF(ISNUMBER('Results'!$B$16),15*'Results'!$D$16,0) | K16: =IF(ISNUMBER('Results'!$B$16),15*'Results'!$E$16,0)
A17: Carbon processing | B17: =IF(COUNT('DEEP Score'!G35:G35)=0,"",SUM('DEEP Score'!G35:G35)/COUNT('DEEP Score'!G35:G35)*15) | C17: 0 | D17: 1 | E17: 0.1 | F17: =IF(ISNUMBER('Results'!$B$17),'Results'!$B$17*'Results'!$C$17,0) | G17: =IF(ISNUMBER('Results'!$B$17),'Results'!$B$17*'Results'!$D$17,0) | H17: =IF(ISNUMBER('Results'!$B$17),'Results'!$B$17*'Results'!$E$17,0) | I17: =IF(ISNUMBER('Results'!$B$17),15*'Results'!$C$17,0) | J17: =IF(ISNUMBER('Results'!$B$17),15*'Results'!$D$17,0) | K17: =IF(ISNUMBER('Results'!$B$17),15*'Results'!$E$17,0)
A18: Nutrient cycling | B18: =IF(COUNT('DEEP Score'!G36:G37)=0,"",SUM('DEEP Score'!G36:G37)/COUNT('DEEP Score'!G36:G37)*15) | C18: 0.1 | D18: 1 | E18: 0.1 | F18: =IF(ISNUMBER('Results'!$B$18),'Results'!$B$18*'Results'!$C$18,0) | G18: =IF(ISNUMBER('Results'!$B$18),'Results'!$B$18*'Results'!$D$18,0) | H18: =IF(ISNUMBER('Results'!$B$18),'Results'!$B$18*'Results'!$E$18,0) | I18: =IF(ISNUMBER('Results'!$B$18),15*'Results'!$C$18,0) | J18: =IF(ISNUMBER('Results'!$B$18),15*'Results'!$D$18,0) | K18: =IF(ISNUMBER('Results'!$B$18),15*'Results'!$E$18,0)
A19: Water & soil quality | B19: =IF(COUNT('DEEP Score'!G38:G39)=0,"",SUM('DEEP Score'!G38:G39)/COUNT('DEEP Score'!G38:G39)*15) | C19: 0.1 | D19: 1 | E19: 0.1 | F19: =IF(ISNUMBER('Results'!$B$19),'Results'!$B$19*'Results'!$C$19,0) | G19: =IF(ISNUMBER('Results'!$B$19),'Results'!$B$19*'Results'!$D$19,0) | H19: =IF(ISNUMBER('Results'!$B$19),'Results'!$B$19*'Results'!$E$19,0) | I19: =IF(ISNUMBER('Results'!$B$19),15*'Results'!$C$19,0) | J19: =IF(ISNUMBER('Results'!$B$19),15*'Results'!$D$19,0) | K19: =IF(ISNUMBER('Results'!$B$19),15*'Results'!$E$19,0)
A20: Habitat provision | B20: =IF(COUNT('DEEP Score'!G40:G41)=0,"",SUM('DEEP Score'!G40:G41)/COUNT('DEEP Score'!G40:G41)*15) | C20: 0 | D20: 0 | E20: 1 | F20: =IF(ISNUMBER('Results'!$B$20),'Results'!$B$20*'Results'!$C$20,0) | G20: =IF(ISNUMBER('Results'!$B$20),'Results'!$B$20*'Results'!$D$20,0) | H20: =IF(ISNUMBER('Results'!$B$20),'Results'!$B$20*'Results'!$E$20,0) | I20: =IF(ISNUMBER('Results'!$B$20),15*'Results'!$C$20,0) | J20: =IF(ISNUMBER('Results'!$B$20),15*'Results'!$D$20,0) | K20: =IF(ISNUMBER('Results'!$B$20),15*'Results'!$E$20,0)
A21: Population support | B21: =IF(COUNT('DEEP Score'!G42:G42)=0,"",SUM('DEEP Score'!G42:G42)/COUNT('DEEP Score'!G42:G42)*15) | C21: 0.1 | D21: 0.1 | E21: 1 | F21: =IF(ISNUMBER('Results'!$B$21),'Results'!$B$21*'Results'!$C$21,0) | G21: =IF(ISNUMBER('Results'!$B$21),'Results'!$B$21*'Results'!$D$21,0) | H21: =IF(ISNUMBER('Results'!$B$21),'Results'!$B$21*'Results'!$E$21,0) | I21: =IF(ISNUMBER('Results'!$B$21),15*'Results'!$C$21,0) | J21: =IF(ISNUMBER('Results'!$B$21),15*'Results'!$D$21,0) | K21: =IF(ISNUMBER('Results'!$B$21),15*'Results'!$E$21,0)
A22: Community dynamics | B22: =IF(COUNT('DEEP Score'!G43:G44)=0,"",SUM('DEEP Score'!G43:G44)/COUNT('DEEP Score'!G43:G44)*15) | C22: 0.1 | D22: 0.1 | E22: 1 | F22: =IF(ISNUMBER('Results'!$B$22),'Results'!$B$22*'Results'!$C$22,0) | G22: =IF(ISNUMBER('Results'!$B$22),'Results'!$B$22*'Results'!$D$22,0) | H22: =IF(ISNUMBER('Results'!$B$22),'Results'!$B$22*'Results'!$E$22,0) | I22: =IF(ISNUMBER('Results'!$B$22),15*'Results'!$C$22,0) | J22: =IF(ISNUMBER('Results'!$B$22),15*'Results'!$D$22,0) | K22: =IF(ISNUMBER('Results'!$B$22),15*'Results'!$E$22,0)
A23: Watershed connectivity | B23: =IF(COUNT('DEEP Score'!G45:G45)=0,"",SUM('DEEP Score'!G45:G45)/COUNT('DEEP Score'!G45:G45)*15) | C23: 0.1 | D23: 0 | E23: 1 | F23: =IF(ISNUMBER('Results'!$B$23),'Results'!$B$23*'Results'!$C$23,0) | G23: =IF(ISNUMBER('Results'!$B$23),'Results'!$B$23*'Results'!$D$23,0) | H23: =IF(ISNUMBER('Results'!$B$23),'Results'!$B$23*'Results'!$E$23,0) | I23: =IF(ISNUMBER('Results'!$B$23),15*'Results'!$C$23,0) | J23: =IF(ISNUMBER('Results'!$B$23),15*'Results'!$D$23,0) | K23: =IF(ISNUMBER('Results'!$B$23),15*'Results'!$E$23,0)
A25: Outcome | B25: Sub-index
A26: Physical | B26: =IF(SUM('Results'!$I$4:$I$23)=0,0,SUM('Results'!$F$4:$F$23)/SUM('Results'!$I$4:$I$23))
A27: Chemical | B27: =IF(SUM('Results'!$J$4:$J$23)=0,0,SUM('Results'!$G$4:$G$23)/SUM('Results'!$J$4:$J$23))
A28: Biological | B28: =IF(SUM('Results'!$K$4:$K$23)=0,0,SUM('Results'!$H$4:$H$23)/SUM('Results'!$K$4:$K$23))
A29: Ecosystem Condition Index | B29: =('Results'!$B$26+'Results'!$B$27+'Results'!$B$28)/3

Sheet Reference
A1: Reference curves, bands and weights
A2: One row per metric and curve set. Knots in ascending x, the last knot repeated to fill eight. The DEEP Score sheet reads these rows.
A3: Assessment status: Draft. For research and regional assessment development only.
A4: Curve key | B4: Metric id | C4: Metric | D4: Curve set | E4: Knots | F4: Scored against | G4: x1 | H4: x2 | I4: x3 | J4: x4 | K4: x5 | L4: x6 | M4: x7 | N4: x8 | O4: y1 | P4: y2 | Q4: y3 | R4: y4 | S4: y5 | T4: y6 | U4: y7 | V4: y8
A5: spring_pctimp2019ws| | B5: spring-pctimp2019ws | C5: Impervious surface | E5: 4 | F5: Fixed criteria, the same in every region | G5: 0 | H5: 10 | I5: 25.005 | J5: 44.5115 | K5: 44.5115 | L5: 44.5115 | M5: 44.5115 | N5: 44.5115 | O5: 1 | P5: 0.69 | Q5: 0.39 | R5: 0 | S5: 0 | T5: 0 | U5: 0 | V5: 0
A6: spring_pctag2019ws| | B6: spring-pctag2019ws | C6: Agriculture, crop and hay | E6: 4 | F6: Fixed criteria, the same in every region | G6: 0 | H6: 30 | I6: 50.005 | J6: 76.0115 | K6: 76.0115 | L6: 76.0115 | M6: 76.0115 | N6: 76.0115 | O6: 1 | P6: 0.69 | Q6: 0.39 | R6: 0 | S6: 0 | T6: 0 | U6: 0 | V6: 0
A7: spring_pctwet2019ws| | B7: spring-pctwet2019ws | C7: Wetland | E7: 5 | F7: 32 least-disturbed streams of this ecoregion under the regional screen (agriculture at most 25 percent). Scored on a reference pool whose transfer to this ecoregion was not confirmed by the recovery test (class agreement 0.57 of evaluation regions; two thirds required); confidence capped at 39. | G7: 0 | H7: 0.0032142857 | I7: 0.0075 | J7: 0.9525 | K7: 1.425 | L7: 1.425 | M7: 1.425 | N7: 1.425 | O7: 0 | P7: 0.3 | Q7: 0.7 | R7: 1 | S7: 1 | T7: 1 | U7: 1 | V7: 1
A8: spring_rddensws| | B8: spring-rddensws | C8: Road density | E8: 4 | F8: Fixed criteria, the same in every region | G8: 0 | H8: 1 | I8: 3 | J8: 5.6 | K8: 5.6 | L8: 5.6 | M8: 5.6 | N8: 5.6 | O8: 1 | P8: 0.69 | Q8: 0.39 | R8: 0 | S8: 0 | T8: 0 | U8: 0 | V8: 0
A9: spring_bfiws| | B9: spring-bfiws | C9: Base flow index | E9: 5 | F9: 30 least-disturbed stations of this ecoregion | G9: 0 | H9: 25.587579 | I9: 59.70435 | J9: 72.984325 | K9: 79.624313 | L9: 79.624313 | M9: 79.624313 | N9: 79.624313 | O9: 0 | P9: 0.3 | Q9: 0.7 | R9: 1 | S9: 1 | T9: 1 | U9: 1 | V9: 1
A10: spring_dorws| | B10: spring-dorws | C10: Degree of regulation | E10: 4 | F10: Fixed criteria, the same in every region | G10: 0 | H10: 2 | I10: 15.005 | J10: 31.9115 | K10: 31.9115 | L10: 31.9115 | M10: 31.9115 | N10: 31.9115 | O10: 1 | P10: 0.69 | Q10: 0.39 | R10: 0 | S10: 0 | T10: 0 | U10: 0 | V10: 0
A11: spring_phab_bfwd_rat| | B11: spring-phab-bfwd-rat | C11: Bankfull width:depth ratio | E11: 8 | F11: 30 least-disturbed stations of this ecoregion | G11: 0 | H11: 2.3693988 | I11: 6.5469456 | J11: 8.7963939 | K11: 15.223389 | L11: 17.472837 | M11: 21.650384 | N11: 28.077379 | O11: 0 | P11: 0.3 | Q11: 0.7 | R11: 1 | S11: 1 | T11: 0.7 | U11: 0.3 | V11: 0
A12: spring_phab_xbkf_h| | B12: spring-phab-xbkf-h | C12: Bankfull height above channel | E12: 7 | F12: 30 least-disturbed stations of this ecoregion | G12: 0 | H12: 0.054761357 | I12: 0.24431818 | J12: 0.78590912 | K12: 0.97546594 | L12: 1.3275 | M12: 1.869091 | N12: 1.869091 | O12: 0 | P12: 0.7 | Q12: 1 | R12: 1 | S12: 0.7 | T12: 0.3 | U12: 0 | V12: 0
A13: spring_phab_pct_safn| | B13: spring-phab-pct-safn | C13: Sand + fines | E13: 5 | F13: 269 least-disturbed stations borrowed from Level II ecoregion 6.2 (Western Cordillera) under the regional screen (agriculture at most 25 percent), transfer risk low | G13: 0 | H13: 4.7619047 | I13: 27.619047 | J13: 61.904761 | K13: 84.761903 | L13: 84.761903 | M13: 84.761903 | N13: 84.761903 | O13: 1 | P13: 1 | Q13: 0.7 | R13: 0.3 | S13: 0 | T13: 0 | U13: 0 | V13: 0
A14: spring_phab_xembed| | B14: spring-phab-xembed | C14: Embeddedness | E14: 5 | F14: 27 least-disturbed stations of this ecoregion | G14: 8.2954535 | H14: 19.136363 | I14: 40.818182 | J14: 73.34091 | K14: 95.022729 | L14: 95.022729 | M14: 95.022729 | N14: 95.022729 | O14: 1 | P14: 1 | Q14: 0.7 | R14: 0.3 | S14: 0 | T14: 0 | U14: 0 | V14: 0
A15: spring_phab_sinu| | B15: spring-phab-sinu | C15: Sinuosity | E15: 4 | F15: 27 least-disturbed stations of this ecoregion | G15: 1 | H15: 1.0637333 | I15: 1.2247639 | J15: 1.3052793 | K15: 1.3052793 | L15: 1.3052793 | M15: 1.3052793 | N15: 1.3052793 | O15: 0 | P15: 0.7 | Q15: 1 | R15: 1 | S15: 1 | T15: 1 | U15: 1 | V15: 1
A16: spring_phab_xbka| | B16: spring-phab-xbka | C16: Bank angle | E16: 7 | F16: 27 least-disturbed stations of this ecoregion | G16: 0 | H16: 15.029545 | I16: 20.454545 | J16: 35.954546 | K16: 41.379546 | L16: 51.454547 | M16: 66.954548 | N16: 66.954548 | O16: 0.7 | P16: 0.7 | Q16: 1 | R16: 1 | S16: 0.7 | T16: 0.3 | U16: 0 | V16: 0
... A31: spring_nid_dams_1mi| | B31: spring-nid-dams-1mi | C31: Mapped dams within one mile | E31: 4 | F31: Fixed criteria, the same in every region | G31: 0 | H31: 1 | I31: 2 | J31: 3 | K31: 3 | L31: 3 | M31: 3 | N31: 3 | O31: 1 | P31: 0.545 | Q31: 0.195 | R31: 0 | S31: 0 | T31: 0 | U31: 0 | V31: 0
A34: Curve sets by metric
A37: Condition classes
A38: Metric index: at or below 0.39 Non-Functioning, at or below 0.69 Functioning At-Risk, above Functioning.
A39: Function score (0 to 15): at or below 5 Non-Functioning, at or below 10 Functioning At-Risk, above Functioning.
A40: Outcome weights: a direct contribution counts 1, an indirect one 0.1.

Sheet Metadata
A1: Metadata and version information
A2: Assessment status: Draft. For research and regional assessment development only.
A3: Item | B3: Value
A4: Assessment id | B4: cascades
A5: Assessment name | B5: Cascades reference assessment
A6: Version | B6: 1
A7: Lifecycle status | B7: Draft
A8: Content digest | B8: sha256:5a4d596751a1e3d7f5d849168a8a2c624ea83c462045cf8a285a437ced67d27a
A9: Region | B9: ecoregion 4 Cascades
A10: Source | B10: USEPA NRSA 2013-24 (L3 ecoregion 4), StreamCurves regional analysis, methodology 0.16-provisional
A11: Reference method | B11: pressure-screen
A12: Reference screen | B12: least-disturbed-v1 (strict), wadeable non-canal frame
A13: Scoring method | B13: iqr-seed-v2
A14: Functions scored | B14: 20
A15: Metrics | B15: 27
A16: Function coverage | B16: This assessment covers 20 of 20 STAF functions.
A17: Generator | B17: streamcurves.deep_calculator
A18: Generator version | B18: 1.1
A19: Formula vocabulary | B19: IF AND MIN MAX INDEX MATCH IFERROR ISNUMBER COUNT SUM NA

Sheet ChartData
A1: Chart series (hidden). One column per class so each bar takes the class colour.
A2: Function | B2: Score | C2: Non-Functioning (0-5) | D2: Functioning At-Risk (6-10) | E2: Functioning (11-15)
A3: Catchment hydrology | B3: =IF('Results'!$B$4="","",'Results'!$B$4) | C3: =IF(ISNUMBER('ChartData'!$B$3),IF('ChartData'!$B$3<=5,'ChartData'!$B$3,NA()),NA()) | D3: =IF(ISNUMBER('ChartData'!$B$3),IF(AND('ChartData'!$B$3>5,'ChartData'!$B$3<=10),'ChartData'!$B$3,NA()),NA()) | E3: =IF(ISNUMBER('ChartData'!$B$3),IF('ChartData'!$B$3>10,'ChartData'!$B$3,NA()),NA())
A4: Surface water storage | B4: =IF('Results'!$B$5="","",'Results'!$B$5) | C4: =IF(ISNUMBER('ChartData'!$B$4),IF('ChartData'!$B$4<=5,'ChartData'!$B$4,NA()),NA()) | D4: =IF(ISNUMBER('ChartData'!$B$4),IF(AND('ChartData'!$B$4>5,'ChartData'!$B$4<=10),'ChartData'!$B$4,NA()),NA()) | E4: =IF(ISNUMBER('ChartData'!$B$4),IF('ChartData'!$B$4>10,'ChartData'!$B$4,NA()),NA())
A5: Reach inflow | B5: =IF('Results'!$B$6="","",'Results'!$B$6) | C5: =IF(ISNUMBER('ChartData'!$B$5),IF('ChartData'!$B$5<=5,'ChartData'!$B$5,NA()),NA()) | D5: =IF(ISNUMBER('ChartData'!$B$5),IF(AND('ChartData'!$B$5>5,'ChartData'!$B$5<=10),'ChartData'!$B$5,NA()),NA()) | E5: =IF(ISNUMBER('ChartData'!$B$5),IF('ChartData'!$B$5>10,'ChartData'!$B$5,NA()),NA())
A6: Streamflow regime | B6: =IF('Results'!$B$7="","",'Results'!$B$7) | C6: =IF(ISNUMBER('ChartData'!$B$6),IF('ChartData'!$B$6<=5,'ChartData'!$B$6,NA()),NA()) | D6: =IF(ISNUMBER('ChartData'!$B$6),IF(AND('ChartData'!$B$6>5,'ChartData'!$B$6<=10),'ChartData'!$B$6,NA()),NA()) | E6: =IF(ISNUMBER('ChartData'!$B$6),IF('ChartData'!$B$6>10,'ChartData'!$B$6,NA()),NA())
A7: Low flow and baseflow dynamics | B7: =IF('Results'!$B$8="","",'Results'!$B$8) | C7: =IF(ISNUMBER('ChartData'!$B$7),IF('ChartData'!$B$7<=5,'ChartData'!$B$7,NA()),NA()) | D7: =IF(ISNUMBER('ChartData'!$B$7),IF(AND('ChartData'!$B$7>5,'ChartData'!$B$7<=10),'ChartData'!$B$7,NA()),NA()) | E7: =IF(ISNUMBER('ChartData'!$B$7),IF('ChartData'!$B$7>10,'ChartData'!$B$7,NA()),NA())
A8: High flow dynamics | B8: =IF('Results'!$B$9="","",'Results'!$B$9) | C8: =IF(ISNUMBER('ChartData'!$B$8),IF('ChartData'!$B$8<=5,'ChartData'!$B$8,NA()),NA()) | D8: =IF(ISNUMBER('ChartData'!$B$8),IF(AND('ChartData'!$B$8>5,'ChartData'!$B$8<=10),'ChartData'!$B$8,NA()),NA()) | E8: =IF(ISNUMBER('ChartData'!$B$8),IF('ChartData'!$B$8>10,'ChartData'!$B$8,NA()),NA())
A9: Floodplain connectivity | B9: =IF('Results'!$B$10="","",'Results'!$B$10) | C9: =IF(ISNUMBER('ChartData'!$B$9),IF('ChartData'!$B$9<=5,'ChartData'!$B$9,NA()),NA()) | D9: =IF(ISNUMBER('ChartData'!$B$9),IF(AND('ChartData'!$B$9>5,'ChartData'!$B$9<=10),'ChartData'!$B$9,NA()),NA()) | E9: =IF(ISNUMBER('ChartData'!$B$9),IF('ChartData'!$B$9>10,'ChartData'!$B$9,NA()),NA())
A10: Hyporheic connectivity | B10: =IF('Results'!$B$11="","",'Results'!$B$11) | C10: =IF(ISNUMBER('ChartData'!$B$10),IF('ChartData'!$B$10<=5,'ChartData'!$B$10,NA()),NA()) | D10: =IF(ISNUMBER('ChartData'!$B$10),IF(AND('ChartData'!$B$10>5,'ChartData'!$B$10<=10),'ChartData'!$B$10,NA()),NA()) | E10: =IF(ISNUMBER('ChartData'!$B$10),IF('ChartData'!$B$10>10,'ChartData'!$B$10,NA()),NA())
A11: Channel evolution | B11: =IF('Results'!$B$12="","",'Results'!$B$12) | C11: =IF(ISNUMBER('ChartData'!$B$11),IF('ChartData'!$B$11<=5,'ChartData'!$B$11,NA()),NA()) | D11: =IF(ISNUMBER('ChartData'!$B$11),IF(AND('ChartData'!$B$11>5,'ChartData'!$B$11<=10),'ChartData'!$B$11,NA()),NA()) | E11: =IF(ISNUMBER('ChartData'!$B$11),IF('ChartData'!$B$11>10,'ChartData'!$B$11,NA()),NA())
A12: Channel and floodplain dynamics | B12: =IF('Results'!$B$13="","",'Results'!$B$13) | C12: =IF(ISNUMBER('ChartData'!$B$12),IF('ChartData'!$B$12<=5,'ChartData'!$B$12,NA()),NA()) | D12: =IF(ISNUMBER('ChartData'!$B$12),IF(AND('ChartData'!$B$12>5,'ChartData'!$B$12<=10),'ChartData'!$B$12,NA()),NA()) | E12: =IF(ISNUMBER('ChartData'!$B$12),IF('ChartData'!$B$12>10,'ChartData'!$B$12,NA()),NA())
A13: Sediment continuity | B13: =IF('Results'!$B$14="","",'Results'!$B$14) | C13: =IF(ISNUMBER('ChartData'!$B$13),IF('ChartData'!$B$13<=5,'ChartData'!$B$13,NA()),NA()) | D13: =IF(ISNUMBER('ChartData'!$B$13),IF(AND('ChartData'!$B$13>5,'ChartData'!$B$13<=10),'ChartData'!$B$13,NA()),NA()) | E13: =IF(ISNUMBER('ChartData'!$B$13),IF('ChartData'!$B$13>10,'ChartData'!$B$13,NA()),NA())
A14: Bed composition and bedform dynamics | B14: =IF('Results'!$B$15="","",'Results'!$B$15) | C14: =IF(ISNUMBER('ChartData'!$B$14),IF('ChartData'!$B$14<=5,'ChartData'!$B$14,NA()),NA()) | D14: =IF(ISNUMBER('ChartData'!$B$14),IF(AND('ChartData'!$B$14>5,'ChartData'!$B$14<=10),'ChartData'!$B$14,NA()),NA()) | E14: =IF(ISNUMBER('ChartData'!$B$14),IF('ChartData'!$B$14>10,'ChartData'!$B$14,NA()),NA())
A15: Light & thermal regime | B15: =IF('Results'!$B$16="","",'Results'!$B$16) | C15: =IF(ISNUMBER('ChartData'!$B$15),IF('ChartData'!$B$15<=5,'ChartData'!$B$15,NA()),NA()) | D15: =IF(ISNUMBER('ChartData'!$B$15),IF(AND('ChartData'!$B$15>5,'ChartData'!$B$15<=10),'ChartData'!$B$15,NA()),NA()) | E15: =IF(ISNUMBER('ChartData'!$B$15),IF('ChartData'!$B$15>10,'ChartData'!$B$15,NA()),NA())
A16: Carbon processing | B16: =IF('Results'!$B$17="","",'Results'!$B$17) | C16: =IF(ISNUMBER('ChartData'!$B$16),IF('ChartData'!$B$16<=5,'ChartData'!$B$16,NA()),NA()) | D16: =IF(ISNUMBER('ChartData'!$B$16),IF(AND('ChartData'!$B$16>5,'ChartData'!$B$16<=10),'ChartData'!$B$16,NA()),NA()) | E16: =IF(ISNUMBER('ChartData'!$B$16),IF('ChartData'!$B$16>10,'ChartData'!$B$16,NA()),NA())
A17: Nutrient cycling | B17: =IF('Results'!$B$18="","",'Results'!$B$18) | C17: =IF(ISNUMBER('ChartData'!$B$17),IF('ChartData'!$B$17<=5,'ChartData'!$B$17,NA()),NA()) | D17: =IF(ISNUMBER('ChartData'!$B$17),IF(AND('ChartData'!$B$17>5,'ChartData'!$B$17<=10),'ChartData'!$B$17,NA()),NA()) | E17: =IF(ISNUMBER('ChartData'!$B$17),IF('ChartData'!$B$17>10,'ChartData'!$B$17,NA()),NA())
A18: Water & soil quality | B18: =IF('Results'!$B$19="","",'Results'!$B$19) | C18: =IF(ISNUMBER('ChartData'!$B$18),IF('ChartData'!$B$18<=5,'ChartData'!$B$18,NA()),NA()) | D18: =IF(ISNUMBER('ChartData'!$B$18),IF(AND('ChartData'!$B$18>5,'ChartData'!$B$18<=10),'ChartData'!$B$18,NA()),NA()) | E18: =IF(ISNUMBER('ChartData'!$B$18),IF('ChartData'!$B$18>10,'ChartData'!$B$18,NA()),NA())
A19: Habitat provision | B19: =IF('Results'!$B$20="","",'Results'!$B$20) | C19: =IF(ISNUMBER('ChartData'!$B$19),IF('ChartData'!$B$19<=5,'ChartData'!$B$19,NA()),NA()) | D19: =IF(ISNUMBER('ChartData'!$B$19),IF(AND('ChartData'!$B$19>5,'ChartData'!$B$19<=10),'ChartData'!$B$19,NA()),NA()) | E19: =IF(ISNUMBER('ChartData'!$B$19),IF('ChartData'!$B$19>10,'ChartData'!$B$19,NA()),NA())
A20: Population support | B20: =IF('Results'!$B$21="","",'Results'!$B$21) | C20: =IF(ISNUMBER('ChartData'!$B$20),IF('ChartData'!$B$20<=5,'ChartData'!$B$20,NA()),NA()) | D20: =IF(ISNUMBER('ChartData'!$B$20),IF(AND('ChartData'!$B$20>5,'ChartData'!$B$20<=10),'ChartData'!$B$20,NA()),NA()) | E20: =IF(ISNUMBER('ChartData'!$B$20),IF('ChartData'!$B$20>10,'ChartData'!$B$20,NA()),NA())
A21: Community dynamics | B21: =IF('Results'!$B$22="","",'Results'!$B$22) | C21: =IF(ISNUMBER('ChartData'!$B$21),IF('ChartData'!$B$21<=5,'ChartData'!$B$21,NA()),NA()) | D21: =IF(ISNUMBER('ChartData'!$B$21),IF(AND('ChartData'!$B$21>5,'ChartData'!$B$21<=10),'ChartData'!$B$21,NA()),NA()) | E21: =IF(ISNUMBER('ChartData'!$B$21),IF('ChartData'!$B$21>10,'ChartData'!$B$21,NA()),NA())
A22: Watershed connectivity | B22: =IF('Results'!$B$23="","",'Results'!$B$23) | C22: =IF(ISNUMBER('ChartData'!$B$22),IF('ChartData'!$B$22<=5,'ChartData'!$B$22,NA()),NA()) | D22: =IF(ISNUMBER('ChartData'!$B$22),IF(AND('ChartData'!$B$22>5,'ChartData'!$B$22<=10),'ChartData'!$B$22,NA()),NA()) | E22: =IF(ISNUMBER('ChartData'!$B$22),IF('ChartData'!$B$22>10,'ChartData'!$B$22,NA()),NA())
A24: Outcome | B24: Score | C24: Non-Functioning (0.00-0.39) | D24: Functioning At-Risk (0.40-0.69) | E24: Functioning (0.70-1.00)
A25: Physical | B25: ='Results'!$B$26 | C25: =IF('ChartData'!$B$25<=0.39,'ChartData'!$B$25,NA()) | D25: =IF(AND('ChartData'!$B$25>0.39,'ChartData'!$B$25<=0.69),'ChartData'!$B$25,NA()) | E25: =IF('ChartData'!$B$25>0.69,'ChartData'!$B$25,NA())
A26: Chemical | B26: ='Results'!$B$27 | C26: =IF('ChartData'!$B$26<=0.39,'ChartData'!$B$26,NA()) | D26: =IF(AND('ChartData'!$B$26>0.39,'ChartData'!$B$26<=0.69),'ChartData'!$B$26,NA()) | E26: =IF('ChartData'!$B$26>0.69,'ChartData'!$B$26,NA())
A27: Biological | B27: ='Results'!$B$28 | C27: =IF('ChartData'!$B$27<=0.39,'ChartData'!$B$27,NA()) | D27: =IF(AND('ChartData'!$B$27>0.39,'ChartData'!$B$27<=0.69),'ChartData'!$B$27,NA()) | E27: =IF('ChartData'!$B$27>0.69,'ChartData'!$B$27,NA())
